Whistle,Duration,Center_Freq,Low_Freq,Delta_Freq,Max_Freq,Inflections
Concave,0.761,11197.3,7289.3,14760.7,9302.3,1
Concave,1.074,9302.3,3150,18900,3273,1
Concave,1.006,8096.5,1457.9,20592.1,3445.3,1
Concave,1.004,12403.1,7836,14214,11197.3,1
Concave,0.851,11197.3,5573.1,16476.9,11369.5,1
Concave,1.077,10335.9,4627.8,17422.2,4651.2,1
Concave,0.943,12575.4,3180.3,18869.7,12747.7,1
Concave,0.18,13781.2,10387.2,8564.9,10680.5,1
Concave,0.135,13609,9776.9,12273.1,13781.2,1
Concave,0.211,13609,9658.3,10751.7,12919.9,1
Concave,0.511,14814.8,8382.6,13667.4,11714.1,1
Concave,0.579,10852.7,8200.4,12574,8441,1
Concave,0.173,13436.7,12307,7691.9,13092.2,1
Concave,0.216,14125.8,11281.4,10768.6,14298,1
Concave,0.483,12058.6,8717.4,13332.6,11886.3,1
Concave,1.366,11714.1,8564.9,13485.1,13609,1
Concave,0.263,10335.9,9111.6,7471.5,9991.4,1
Concave,0.734,9991.4,6560.3,15489.7,9302.3,1
Concave,0.906,10508.2,4920.2,17129.8,9646.9,1
Concave,0.906,10163.7,3234,18816,9474.6,1
Concave,0.992,9130.1,1378.1,20671.9,2411.7,1
Concave,0.793,9646.9,3462.4,16583.1,8613.3,1
Concave,0.104,12058.6,9658.3,6378.1,11886.3,1
Concave,0.155,10680.5,7653.7,6195.9,10508.2,1
Concave,0.399,13953.5,11662.8,8018.2,14470.3,1
Concave,0.162,10163.7,6924.8,8340.6,9819.1,1
Concave,0.123,11541.8,8370.8,10412.5,11025,1
Concave,0.216,13436.7,10205,8747.1,13264.5,1
Concave,0.173,15331.6,12209.5,7471.5,15503.9,1
Concave,0.769,15676.2,9111.6,12574,17398.8,1
Concave,0.249,13092.2,11662.8,9840.5,12403.1,1
Concave,0.463,14987.1,14214,7653.7,14642.6,1
Concave,0.206,13781.2,11366,8865.5,14125.8,1
Concave,0.682,14470.3,12143.5,8308.7,14298,1
Concave,0.785,12747.7,8382.6,13667.4,13264.5,1
Concave,0.64,13264.5,9984.9,12065.1,10508.2,1
Concave,1.037,13092.2,7471.5,14578.5,7579.7,1
Concave,0.778,10680.5,4050,18000,8096.5,1
Concave,0.544,11369.5,9111.6,6560.3,13092.2,1
Concave,0.589,12575.4,9486.6,7691.9,12575.4,1
Concave,0.184,12919.9,12216.9,9833.1,12747.7,1
Concave,1.215,10335.9,6533.3,15516.7,9130.1,1
Concave,0.563,10508.2,6378.1,9840.5,10335.9,1
Concave,0.759,9130.1,2791.1,17584.2,2928.5,1
Concave,0.858,11025,6560.3,12027.3,11197.3,1
Concave,0.894,11714.1,6549.5,13754,14987.1,1
Concave,0.528,12230.9,10022.7,12027.3,11714.1,1
Concave,0.81,8441,5284.7,9840.5,7924.2,1
Concave,2.249,10335.9,4752.2,17297.8,10163.7,1
Concave,0.474,9474.6,4255.3,17794.7,6201.6,1
Concave,0.724,11714.1,7432.6,14617.4,8613.3,1
Concave,0.637,10508.2,6401.6,13158.9,11714.1,1
Concave,0.336,11197.3,8564.9,13302.9,9819.1,1
Concave,0.311,13953.5,9476,12574,13609,1
Concave,0.465,11714.1,9293.8,12756.2,10852.7,1
Concave,0.615,11369.5,4191.3,17858.7,6201.6,1
Concave,0.38,12403.1,7624.8,14425.2,8957.8,1
Concave,0.525,12919.9,8820,13230,8957.8,1
Concave,0.405,15159.4,12158.4,9891.6,12230.9,1
Concave,0.973,11369.5,6742.6,15307.4,7407.4,1
Concave,0.722,10163.7,4725,16800,9130.1,1
Concave,0.687,10335.9,6501.9,14982.7,6546.1,1
Concave,0.861,12058.6,7200,14850,7407.4,1
Concave,0.748,11025,7257,11443.7,7407.4,1
Concave,0.661,11197.3,6300,12250,13264.5,1
Concave,0.742,12230.9,6742.6,15307.4,16365.2,1
Concave,0.632,11197.3,6950.5,15099.5,8613.3,1
Concave,0.81,11025,4704,17346,5340.2,1
Concave,0.746,9646.9,7653.7,13485.1,8613.3,1
Concave,0.747,15159.4,12143.5,7669.6,13609,1
Concave,0.746,11197.3,6917.6,14700,11541.8,1
Concave,0.66,12403.1,7591,12964.1,9646.9,1
Concave,0.881,11541.8,6269.1,15348.5,10508.2,1
Concave,1.085,12230.9,6378.1,15671.9,13953.5,1
Concave,0.843,13264.5,3920,18130,13264.5,1
Concave,0.172,11197.3,4555.8,14031.8,8613.3,1
Concave,0.224,13436.7,9009.7,10195.2,13264.5,1
Concave,0.11,11197.3,8461,8204.7,10852.7,1
Concave,0.427,12403.1,11512.8,8390.7,11886.3,1
Concave,0.803,11886.3,9111.6,12574,11369.5,1
Concave,0.928,10508.2,5649.2,16400.8,14470.3,1
Concave,0.983,10852.7,9658.3,12391.7,10508.2,1
Concave,0.969,10852.7,9214.9,12835.1,11714.1,1
Concave,0.978,13609,8747.1,13302.9,13781.2,1
Concave,0.595,10508.2,5649.2,16400.8,6890.6,1
Concave,0.59,12230.9,6924.8,15125.2,12575.4,1
Concave,0.756,9474.6,4191.3,17858.7,4823.4,1
Concave,0.548,9130.1,3512.4,18537.6,10335.9,1
Concave,0.637,9991.4,6195.9,15854.1,9991.4,1
Concave,0.964,13092.2,7107,14943,13436.7,1
Concave,0.943,11714.1,5824.5,16225.5,6546.1,1
Concave,0.892,12230.9,7289.3,10933.9,11197.3,1
Concave,0.824,13264.5,9293.8,10751.7,15159.4,1
Concave,0.824,13781.2,10768.6,11281.4,11886.3,1
Concave,0.241,12058.6,9840.5,9293.8,11714.1,1
Concave,0.415,13609,10205,8929.3,10680.5,1
Concave,0.642,10335.9,7653.7,14396.3,12230.9,1
Concave,0.94,10508.2,6722.6,15327.4,6890.6,1
Concave,0.607,9130.1,8747.1,13302.9,9130.1,1
Concave,0.661,9646.9,6195.9,15854.1,9819.1,1
Concave,0.554,9302.3,7289.3,8747.1,8957.8,1
Concave,0.645,9474.6,4373.6,17676.4,9991.4,1
Concave,0.827,13264.5,10751.7,8200.4,12230.9,1
Concave,0.597,11714.1,5211.8,14031.8,11541.8,1
Concave,0.344,12575.4,8772.6,10669.4,12058.6,1
Concave,0.564,12747.7,5453.2,13751.6,15331.6,1
Concave,0.539,13264.5,2475,16875,15848.4,1
Concave,0.282,12919.9,12027.3,7795.5,12058.6,1
Concave,0.525,13264.5,10808.8,8430.9,11197.3,1
Concave,0.252,12919.9,11912.1,7350,12919.9,1
Concave,0.227,13092.2,11845,5284.7,13092.2,1
Concave,0.344,12575.4,8041.8,11414.1,11369.5,1
Concave,0.17,14298,12273.1,7072.6,13092.2,1
Concave,0.098,10680.5,9450,5373.5,10852.7,1
Concave,0.174,12230.9,10022.7,8747.1,12058.6,1
Concave,0.15,16020.7,12311.2,7350,17571.1,1
Concave,0.165,13609,6825,14175,13436.7,1
Concave,0.134,15159.4,12486.1,6907.2,14987.1,1
Concave,0.123,14814.8,11025,8018.2,14298,1
Concave,0.165,14298,7691.9,11794.2,14125.8,1
Concave,0.152,14814.8,9230.2,9230.2,14987.1,1
Concave,0.3,14470.3,13569.2,5724.5,14642.6,1
Concave,0.232,13264.5,9450,8550,12575.4,1
Concave,0.253,15331.6,12721.2,6784.6,15159.4,1
Concave,0.557,14642.6,10022.7,9840.5,13609,1
Concave,0.773,12919.9,8067.1,11293.9,13781.2,1
Concave,0.898,11886.3,7427.4,12069.5,7579.7,1
Concave,0.159,12747.7,7736.8,11992.1,12575.4,1
Concave,0.104,14298,11025,8352.3,15159.4,1
Concave,0.701,11197.3,7030.4,12782.6,8441,1
Concave,0.328,13781.2,11287.5,8662.5,13436.7,1
Concave,0.309,12919.9,10218.3,8604.9,11886.3,1
Concave,0.606,12747.7,8628.3,11025,8785.5,1
Concave,0.139,9302.3,7289.3,10022.7,9130.1,1
Concave,0.37,13264.5,9293.8,10022.7,9991.4,1
Concave,0.32,14987.1,11141.1,8123.7,11886.3,1
Concave,0.37,13436.7,7560,12600,7752,1
Concave,0.21,13092.2,6506.6,13374.6,13264.5,1
Concave,0.247,8613.3,4410,14945,4478.9,1
Concave,0.643,7235.2,1781.8,17818.2,1894.9,1
Concave,0.37,12230.9,9800,10150,13609,1
Concave,0.585,12230.9,7253.3,12185.5,12575.4,1
Concave,0.447,12575.4,10855.4,9159.2,12575.4,1
Concave,0.369,14125.8,11845,7289.3,14298,1
Concave,0.357,12403.1,9975,10500,9991.4,1
Concave,0.815,9819.1,7289.3,14760.7,9819.1,1
Concave,0.849,10508.2,7678.1,14371.9,12747.7,1
Concave,0.668,8785.5,3150,18900,9302.3,1
Concave,0.547,17054.3,14214,7653.7,16537.5,1
Concave,0.552,10163.7,6195.9,12209.5,9991.4,1
Concave,0.533,11369.5,6514.8,15284.7,10508.2,1
Concave,1.028,10163.7,4920.2,17129.8,7062.9,1
Concave,0.67,10163.7,5649.2,16400.8,10163.7,1
Concave,0.77,9991.4,4900,17150,9302.3,1
Concave,0.524,9819.1,4191.3,14760.7,4478.9,1
Concave,0.457,11886.3,7223.3,12165.5,11714.1,1
Concave,0.423,13781.2,6125,12556.2,11541.8,1
Concave,0.354,12919.9,10933.9,8382.6,11541.8,1
Concave,0.524,13092.2,11373.2,7659.5,13092.2,1
Concave,0.445,13436.7,7543.4,12185.5,13609,1
Concave,0.509,13436.7,9733.8,9932.4,13953.5,1
Concave,0.18,13092.2,11526.1,8018.2,12575.4,1
Concave,0.527,11714.1,6991.5,15058.5,9991.4,1
Concave,0.224,12230.9,8382.6,9658.3,8957.8,1
Concave,0.296,14298,12893.6,6353.4,13953.5,1
Concave,0.637,13953.5,10584,9261,15159.4,1
Concave,0.665,14642.6,8325,10575,15848.4,1
Concave,0.636,11369.5,6742.6,12209.5,7579.7,1
Concave,0.205,11197.3,9148.4,6098.9,10680.5,1
Concave,0.604,11369.5,9932.4,8343.2,10508.2,1
Concave,0.271,11886.3,6333.5,9852.1,13781.2,1
Concave,0.591,12747.7,8461,11025,10680.5,1
Concave,0.16,14470.3,11977.8,7350,14125.8,1
Concave,0.279,15159.4,12209.5,7653.7,14470.3,1
Concave,0.371,15331.6,13230,5512.5,14987.1,1
Concave,0.972,13436.7,8041.8,11154.7,8441,1
Concave,0.579,12747.7,10800,8325,12058.6,1
Concave,0.172,13092.2,10601,6148.6,12747.7,1
Concave,0.829,12230.9,6904.5,11359.1,7579.7,1
Concave,1.024,14470.3,10933.9,7289.3,16193,1
Concave,0.688,11369.5,8363.8,10454.7,9474.6,1
Concave,0.731,11886.3,8018.2,11025,11541.8,1
Concave,0.636,10335.9,8587.9,7195.3,9474.6,1
Concave,0.891,9819.1,3550.4,18499.6,11369.5,1
Concave,0.468,10508.2,6742.6,15307.4,10335.9,1
Concave,0.383,11197.3,9840.5,5831.4,11541.8,1
Concave,0.828,10852.7,8564.9,6742.6,11025,1
Concave,0.949,11369.5,7938,9702,10335.9,1
Concave,0.949,11886.3,9152.8,8528.8,10163.7,1
Concave,0.918,11714.1,6973.1,15076.9,10163.7,1
Concave,1.249,11886.3,6829.6,15220.4,7752,1
Concave,0.771,10508.2,5069,16981,5168,1
Concave,0.977,13953.5,9124.1,12355.6,11197.3,1
Concave,0.578,12919.9,9840.5,12209.5,11025,1
Concave,0.341,11886.3,10022.7,12027.3,11541.8,1
Concave,0.647,13953.5,10933.9,9476,12058.6,1
Concave,0.941,11886.3,6525,15525,7407.4,1
Concave,0.535,11714.1,8423.6,13626.4,13264.5,1
Concave,0.725,14814.8,9675,12375,13609,1
Concave,0.734,12403.1,8638.1,13411.9,12403.1,1
Concave,0.946,12058.6,7836,14214,11369.5,1
Concave,1.001,13436.7,9253.1,12796.9,12747.7,1
Concave,0.812,11886.3,8747.1,8382.6,9646.9,1
Concave,0.383,11369.5,7836,10569.4,11197.3,1
Concave,0.383,16365.2,13066.7,8983.3,15503.9,1
Concave,0.819,12230.9,5629.8,16420.2,12403.1,1
Concave,0.416,9819.1,7289.3,14760.7,9474.6,1
Concave,0.122,14470.3,9476,10751.7,15159.4,1
Concave,0.354,10335.9,4979,17071,5857,1
Concave,0.931,10680.5,4738,17312,13092.2,1
Concave,0.838,13609,4226.2,17823.8,13609,1
Concave,0.988,11714.1,2733.5,19316.5,10852.7,1
Concave,1.063,9130.1,2427.5,19622.5,4306.6,1
Concave,0.906,9302.3,1863.4,20186.6,2239.5,1
Concave,0.851,9819.1,4478.9,17571.1,5340.2,1
Concave,0.843,10335.9,5102.5,16947.5,9302.3,1
Concave,1.01,11025,4738,17312,5168,1
Concave,0.773,8613.3,3094.7,18955.3,3100.8,1
Concave,1.058,13781.2,4932.2,17117.8,12230.9,1
Concave,0.984,9991.4,3425.2,18624.8,4995.7,1
Concave,0.865,11369.5,3957.7,18092.3,4478.9,1
Concave,0.215,11714.1,9293.8,7289.3,10852.7,1
Concave,0.221,12919.9,11841.7,5716.7,12230.9,1
Concave,0.221,12058.6,11208.8,7717.5,11886.3,1
Concave,0.168,13953.5,11359.1,7127.3,13092.2,1
Concave,0.384,12747.7,8686.4,10690.9,10163.7,1
Concave,0.327,13436.7,10303.7,9067.3,12403.1,1
Concave,0.23,14814.8,12514.9,7747.3,13953.5,1
Concave,0.265,16365.2,12662.4,6767.8,16537.5,1
Concave,0.348,15503.9,14408.9,5239.6,14642.6,1
Concave,0.477,13609,7046.9,14321.1,8613.3,1
Concave,0.996,14125.8,2345.7,19704.3,17743.4,1
Concave,0.904,10508.2,3556.5,18493.5,10680.5,1
Concave,0.96,11025,5979.7,16070.3,11886.3,1
Concave,0.181,14470.3,13302.9,4009.1,15676.2,1
Concave,0.415,11886.3,10143,8820,10508.2,1
Concave,0.47,11714.1,6733.8,11751.2,12575.4,1
Concave,0.51,11714.1,3528,18081,11025,1
Concave,1.038,12230.9,8294,13756,12403.1,1
Concave,1.131,12058.6,6982.5,15067.5,12403.1,1
Concave,0.1,15159.4,14031.8,8018.2,14814.8,1
Concave,0.086,11714.1,5512.5,14175,12575.4,1
Concave,0.762,12058.6,8628.3,10162.2,11541.8,1
Concave,0.525,11025,5649.2,16400.8,13092.2,1
Concave,0.674,13092.2,6742.6,15307.4,14814.8,1
Concave,0.526,12058.6,8564.9,12027.3,12403.1,1
Concave,0.328,13264.5,10895.3,11154.7,13264.5,1
Concave,0.596,12403.1,9328.8,12155.8,11886.3,1
Concave,0.145,12747.7,8382.6,10933.9,10852.7,1
Concave,0.18,11025,6225.9,13489.4,11025,1
Concave,0.69,10335.9,6656.6,11649.1,16537.5,1
Concave,0.715,8268.8,2075.3,17840.8,3789.8,1
Concave,2.903,10163.7,5049.6,14138.9,5340.2,1
Concave,0.835,8785.5,1607.8,20442.2,5340.2,1
Concave,0.92,11369.5,4009.1,15854.1,11541.8,1
Concave,0.713,9302.3,3858.8,17364.4,8613.3,1
Concave,1.115,8957.8,2564,17178.5,8441,1
Concave,0.966,11714.1,6750,15300,8268.8,1
Concave,0.296,11714.1,10569.4,8564.9,11369.5,1
Concave,0.467,13781.2,11466,7644,12403.1,1
Concave,0.269,13609,12250,7622.2,12403.1,1
Concave,0.688,16709.8,14760.7,4555.8,16882,1
Concave,0.193,16882,12574,6560.3,18604.7,1
Concave,0.855,11714.1,5831.4,16218.6,14814.8,1
Concave,0.573,11886.3,10569.4,11480.6,13436.7,1
Concave,0.45,10163.7,4410,17640,10680.5,1
Concave,0.855,8441,3277.7,18772.3,3445.3,1
Concave,0.6,10508.2,5065.5,14898.6,8785.5,1
Concave,0.803,10508.2,5690.3,15885.5,11025,1
Concave,0.891,12919.9,8628.3,13421.7,10163.7,1
Concave,1.659,11541.8,7107,14943,13781.2,1
Concave,0.83,11714.1,5620.6,16429.4,13781.2,1
Concave,0.544,10680.5,6924.8,15125.2,7235.2,1
Concave,0.703,10163.7,6195.9,15854.1,6546.1,1
Concave,0.962,12919.9,7993.1,13505.6,13609,1
Concave,1.011,11541.8,5175,16875,7062.9,1
Concave,0.358,11369.5,9385.5,4522.8,11197.3,1
Concave,0.451,9474.6,6582.6,9304.1,7579.7,1
Concave,0.397,9819.1,5284.7,12027.3,9646.9,1
Concave,0.319,8957.8,3445.3,18604.7,3445.3,1
Concave,1.056,11714.1,6378.1,15671.9,8785.5,1
Concave,0.297,13264.5,9111.6,11845,12919.9,1
Concave,0.112,12403.1,10569.4,4373.6,12403.1,1
Concave,0.397,9819.1,3675,18375,8096.5,1
Concave,0.685,8957.8,5102.5,14214,5512.5,1
Concave,0.598,10508.2,5168,13953.5,9991.4,1
Concave,0.107,16020.7,12635.4,6937.1,16020.7,1
Concave,0.119,15676.2,8877.3,10788.9,15848.4,1
Concave,0.683,8441,1198.4,19173.9,7407.4,1
Concave,0.834,8613.3,1951.3,17952.2,2067.2,1
Concave,0.334,13436.7,8343.2,10528.4,13436.7,1
Concave,0.112,16709.8,14031.8,5649.2,18087.9,1
Concave,0.153,11369.5,6809.6,11997.8,12058.6,1
Concave,0.775,4306.6,3421.6,15587.1,4306.6,1
Concave,0.52,12403.1,9922.5,9371.2,10335.9,1
Concave,0.778,11025,8564.9,11662.8,10335.9,1
Concave,0.52,10852.7,8496.3,11935.3,10163.7,1
Concave,0.772,10508.2,7289.3,11845,12403.1,1
Concave,0.404,11369.5,7289.3,11116.1,10852.7,1
Concave,0.382,11025,6300,15750,10163.7,1
Constant,0.578,13092.2,9840.5,8747.1,11714.1,0
Constant,0.659,12403.1,8214.7,13835.3,8957.8,0
Constant,0.952,11197.3,7056,14994,9646.9,0
Constant,0.59,9991.4,4823.4,11369.5,5168,0
Constant,0.872,12230.9,9111.6,7289.3,11197.3,0
Constant,0.554,11197.3,9476,5466.9,10680.5,0
Constant,0.323,12575.4,9840.5,6013.6,9991.4,0
Constant,0.655,13092.2,10061.7,9205.3,10163.7,0
Constant,0.832,12919.9,9535.1,10429.1,9646.9,0
Constant,0.589,4823.4,3644.6,4191.3,4995.7,0
Constant,0.926,16709.8,12886.4,8877.3,14125.8,0
Constant,0.83,13264.5,9079.4,12970.6,10335.9,0
Constant,0.658,9130.1,7289.3,4009.1,8957.8,0
Constant,0.976,13092.2,10933.9,5831.4,15159.4,0
Constant,1.794,11541.8,9476,4373.6,11714.1,0
Constant,0.935,11369.5,9840.5,5284.7,10680.5,0
Constant,1.041,11197.3,7948.3,8204.7,10163.7,0
Constant,0.785,8268.8,3458.8,11241.2,6029.3,0
Constant,0.705,11714.1,8268.8,13280.1,13953.5,0
Constant,0.933,9302.3,4562.1,14636.6,7579.7,0
Constant,0.748,11197.3,6501.9,15265.4,6546.1,0
Constant,2.646,13092.2,9293.8,10751.7,9302.3,0
Constant,1.108,8613.3,6742.6,4738,8613.3,0
Constant,0.196,10680.5,7875,5355,10852.7,0
Constant,0.912,7062.9,2551.2,10751.7,5340.2,0
Constant,1.048,12230.9,5649.2,13849.6,5857,0
Constant,0.332,11025,8382.6,4738,10508.2,0
Constant,1.866,12747.7,8929.3,11480.6,10680.5,0
Constant,2.221,14298,10412.5,11637.5,10680.5,0
Constant,0.95,12575.4,6441.6,15608.4,6718.4,0
Constant,1.898,11369.5,9476,4009.1,10335.9,0
Constant,2.046,15848.4,11912.1,9377.6,16193,0
Constant,4.693,12575.4,9124.1,7856.9,11886.3,0
Constant,1.03,11369.5,8018.2,8686.4,13092.2,0
Constant,0.453,12403.1,10751.7,4009.1,12575.4,0
Constant,1.015,10680.5,6586.4,10595.5,8268.8,0
Constant,0.624,17743.4,13894.5,7551.4,19293.8,0
Constant,0.604,13781.2,11116.1,5831.4,14125.8,0
Constant,1.2,13781.2,10131.1,11025,10852.7,0
Constant,1.555,15848.4,13849.6,5466.9,15503.9,0
Constant,1.076,13953.5,11298.3,6924.8,12575.4,0
Constant,1.048,10680.5,6757.3,11380.6,8785.5,0
Constant,0.525,12919.9,11287.5,5512.5,12403.1,0
Constant,0.738,11197.3,6742.6,12027.3,11025,0
Constant,0.466,7062.9,4920.2,9658.3,6890.6,0
Constant,0.518,11369.5,7112.9,13870.2,11369.5,0
Constant,0.201,14642.6,11205.7,7591,14814.8,0
Constant,0.482,12230.9,6784.6,11873.1,12403.1,0
Constant,1.305,12747.7,5512.5,15618.8,12747.7,0
Constant,0.664,12747.7,8480.8,13569.2,8613.3,0
Constant,0.69,12575.4,6615,15435,9474.6,0
Constant,0.854,16020.7,12209.5,8929.3,12230.9,0
Constant,0.311,12747.7,9894.2,7350,13264.5,0
Constant,2,12058.6,9840.5,4920.2,11541.8,0
Constant,0.749,12058.6,6930,11970,12403.1,0
Constant,1.268,14470.3,11576.2,8268.8,12403.1,0
Constant,5.946,10680.5,6560.3,10933.9,10508.2,0
Constant,5.542,8096.5,0,22050,689.1,0
Constant,0.396,11369.5,8410.8,8183.5,11197.3,0
Constant,0.776,13953.5,10559.2,9938,13781.2,0
Constant,0.756,12575.4,7235.2,12058.6,12575.4,0
Constant,1.548,12919.9,9665.8,11478.1,12058.6,0
Constant,2.44,10335.9,4191.3,14214,9474.6,0
Constant,0.165,10852.7,7836,4920.2,12747.7,0
Constant,0.596,9646.9,3112.9,18937.1,9991.4,0
Constant,1.092,12058.6,8200.4,10387.2,8268.8,0
Constant,0.921,13781.2,9527.8,11161.1,14642.6,0
Constant,0.396,9474.6,5378,8604.9,9819.1,0
Constant,0.439,11886.3,8190,10395,12403.1,0
Constant,0.883,11714.1,9293.8,7289.3,11714.1,0
Constant,0.908,12230.9,9662.4,6937.1,12747.7,0
Constant,0.646,12058.6,9293.8,6378.1,13092.2,0
Constant,1.575,11197.3,8747.1,6742.6,11197.3,0
Constant,1.64,12747.7,9450,9660,10163.7,0
Constant,0.603,12058.6,10022.7,6013.6,13781.2,0
Constant,0.998,12058.6,10143,7056,12058.6,0
Constant,0.764,11369.5,9481.5,5953.5,11197.3,0
Constant,0.678,11886.3,10273.3,4510.2,10680.5,0
Constant,1.588,12058.6,10205,5284.7,11025,0
Constant,0.913,15848.4,13430.5,6615,13953.5,0
Constant,0.7,13609,7438.6,11689.2,9819.1,0
Constant,0.486,12919.9,11662.8,2733.5,13092.2,0
Constant,0.637,9130.1,2915.7,15671.9,6546.1,0
Constant,0.316,12058.6,8929.3,6742.6,12058.6,0
Constant,2.693,12230.9,7938,14112,8096.5,0
Constant,1.646,11886.3,7350,13650,8957.8,0
Constant,1.167,8613.3,4095,14490,7752,0
Constant,0.959,11541.8,8413.8,10444.7,10163.7,0
Constant,1.047,10852.7,7107,9111.6,10163.7,0
Constant,0.85,15676.2,12209.5,7289.3,13092.2,0
Constant,3.541,12575.4,8419.1,12428.2,13436.7,0
Constant,0.736,14298,9476,10205,10852.7,0
Constant,0.274,12058.6,11116.1,4555.8,11886.3,0
Constant,1.626,11197.3,7836,7107,9302.3,0
Constant,4.834,4995.7,1640.1,8018.2,3617.6,0
Constant,0.778,13264.5,11298.3,5649.2,12058.6,0
Constant,0.514,11714.1,9476,5649.2,11714.1,0
Constant,0.632,15159.4,13849.6,4009.1,14987.1,0
Constant,7.298,10680.5,7107,8018.2,12575.4,0
Constant,3.323,12575.4,10569.4,5649.2,11197.3,0
Constant,0.781,12575.4,10048.1,7257,12058.6,0
Constant,1.384,8957.8,6013.6,6560.3,6718.4,0
Constant,0.664,12575.4,10205,5649.2,10680.5,0
Constant,0.442,10680.5,8929.3,5466.9,10680.5,0
Constant,0.647,11541.8,9293.8,4009.1,12058.6,0
Constant,0.556,13953.5,11480.6,5831.4,11714.1,0
Constant,1.094,9819.1,6784.6,6784.6,9819.1,0
Constant,0.851,4823.4,3826.9,2915.7,4823.4,0
Constant,0.545,12747.7,8820,9159.2,11369.5,0
Constant,0.782,6890.6,3465,7875,8785.5,0
Constant,0.537,12403.1,7782.4,11349.3,11197.3,0
Constant,0.305,10335.9,7656.2,8268.8,7752,0
Constant,0.391,10163.7,5102.5,10569.4,6029.3,0
Constant,1.522,10852.7,7107,8747.1,11025,0
Constant,0.35,13609,9450,11025,11369.5,0
Constant,0.8,9474.6,5127.9,13076.2,7579.7,0
Constant,0.202,11025,8564.9,6924.8,8613.3,0
Constant,0.643,7752,2321.1,19728.9,3617.6,0
Constant,0.402,8785.5,1453.8,20596.2,1722.7,0
Constant,3.5,10852.7,3462.4,13302.9,4651.2,0
Constant,5.067,11197.3,4009.1,15702.3,12230.9,0
Constant,5.612,9991.4,5188.2,8647.1,11025,0
Constant,5.846,10680.5,5620.6,11241.2,7062.9,0
Constant,1.184,13436.7,9840.5,7471.5,13781.2,0
Constant,0.784,15503.9,12706.8,5792.8,15503.9,0
Constant,0.947,13264.5,8695.8,11490.8,15676.2,0
Constant,0.471,14125.8,10844.3,6506.6,13953.5,0
Constant,0.684,13953.5,10742.3,8480.8,17915.6,0
Constant,0.958,13436.7,12209.5,2733.5,13436.7,0
Constant,1.43,13609,10584,9114,13609,0
Constant,0.729,9474.6,8599.5,2866.5,8957.8,0
Constant,0.6,12919.9,10751.7,5102.5,15331.6,0
Constant,0.983,13264.5,11515,6615,13264.5,0
Constant,0.376,20327.3,16800,5250,20327.3,0
Constant,0.312,12575.4,10387.2,5466.9,11714.1,0
Constant,0.64,10163.7,8929.3,3462.4,9819.1,0
Constant,0.947,9302.3,5400,8550,6029.3,0
Constant,1.353,4134.4,3528,8820,3617.6,0
Constant,1.94,11541.8,9840.5,4738,11197.3,0
Constant,1.061,10508.2,4725,17325,6718.4,0
Constant,1.25,14298,9840.5,9476,14125.8,0
Constant,3.416,12575.4,8268.8,11714.1,8268.8,0
Constant,0.759,12747.7,9840.5,7836,11541.8,0
Constant,1.049,10335.9,5991.8,9587,12058.6,0
Constant,0.684,14814.8,11845,8382.6,14125.8,0
Constant,1.233,11541.8,7764.1,10248.6,7924.2,0
Constant,2.051,12403.1,8782.6,8408.9,11886.3,0
Constant,1.428,12919.9,6533.3,13066.7,7062.9,0
Constant,0.708,12919.9,9587,9107.6,12230.9,0
Constant,1.648,9991.4,5512.5,9284.2,9819.1,0
Constant,0.961,9819.1,4009.1,18040.9,6029.3,0
Constant,0.979,11369.5,6757.3,11380.6,8613.3,0
Constant,0.404,11197.3,10022.7,3280.2,10508.2,0
Constant,0.553,11369.5,8929.3,5831.4,12747.7,0
Constant,0.883,8613.3,6560.3,4373.6,8613.3,0
Constant,0.501,10508.2,8564.9,4555.8,10508.2,0
Constant,0.122,11886.3,10606.3,2791.1,11541.8,0
Constant,0.324,13264.5,8929.3,10751.7,9474.6,0
Constant,1.53,15503.9,11907,8158.5,12919.9,0
Constant,0.516,11369.5,7441.9,12403.1,8441,0
Constant,0.661,11714.1,5250,16800,16365.2,0
Constant,0.692,13609,9712.5,12075,10852.7,0
Constant,0.423,13609,7105,14455,16709.8,0
Constant,1.122,12747.7,8747.1,10387.2,8957.8,0
Constant,0.942,12230.9,7350,14291.7,8785.5,0
Constant,0.906,16193,15023.1,5088.5,16020.7,0
Constant,0.648,15159.4,13667.4,3826.9,16193,0
Constant,1.222,15159.4,12495,7840,13436.7,0
Constant,0.522,13092.2,9658.3,10387.2,13092.2,0
Constant,0.71,10508.2,6013.6,13667.4,7752,0
Constant,0.865,9991.4,5649.2,16400.8,7062.9,0
Constant,1.571,15159.4,10321.3,11728.7,17398.8,0
Constant,1.828,11714.1,6582.1,15467.9,12919.9,0
Constant,0.064,12575.4,8885.8,7898.5,12575.4,0
Constant,0.43,12058.6,8227.6,9873.1,11886.3,0
Constant,0.326,13092.2,5600,16450,14125.8,0
Constant,1.071,7924.2,2795.1,19254.9,2928.5,0
Constant,0.788,12058.6,9293.8,7471.5,9819.1,0
Constant,0.771,11025,8747.1,7653.7,8785.5,0
Constant,0.165,11025,9310,4900,10852.7,0
Constant,0.563,13264.5,12027.3,3280.2,12747.7,0
Constant,0.822,12919.9,11662.8,4191.3,12230.9,0
Constant,0.451,14987.1,12835.1,6253,15331.6,0
Constant,1.494,11369.5,8313.9,7591,8957.8,0
Constant,0.188,14470.3,12756.2,4555.8,13436.7,0
Constant,0.806,16365.2,10205,11845,17398.8,0
Constant,1.026,13264.5,8535.5,13514.5,13609,0
Constant,0.831,13264.5,11550,5250,13264.5,0
Constant,0.631,11025,6853.4,9237.2,9646.9,0
Constant,0.877,9646.9,6013.6,10423.6,7062.9,0
Constant,0.339,11714.1,8717.4,6922.7,9646.9,0
Constant,1.187,10508.2,6208.3,11346.1,6546.1,0
Constant,0.373,9302.3,6843.1,7983.6,8785.5,0
Constant,1.64,13092.2,7894.4,14155.6,19982.8,0
Constant,1.768,11025,6391.3,14700,9819.1,0
Constant,1.276,9819.1,5649.2,11298.3,6029.3,0
Constant,5.352,12919.9,8820,12997.9,11025,0
Constant,1.692,9302.3,6013.6,10356.8,6029.3,0
Constant,1.623,13264.5,11466,9702,12747.7,0
Constant,1.622,13436.7,9826.6,10306,12403.1,0
Constant,0.57,15676.2,14267.6,5836.8,14814.8,0
Constant,0.488,12230.9,8641.2,7449.3,12747.7,0
Constant,0.763,13609,10482.8,10121.3,12919.9,0
Constant,0.537,15676.2,12285,9765,14642.6,0
Constant,0.763,10852.7,7948.3,7179.1,14298,0
Constant,0.885,11541.8,6825,15225,9302.3,0
Constant,1.086,13436.7,7350,14700,13436.7,0
Constant,0.946,12919.9,5670,15750,12747.7,0
Constant,0.66,11886.3,9142.7,7260.4,11714.1,0
Constant,1.038,12919.9,10176.9,8965.4,11886.3,0
Constant,1.294,13092.2,9958.1,11025,14642.6,0
Constant,0.58,10163.7,6911.2,9873.1,9819.1,0
Constant,1.434,16193,9020.5,13029.5,16365.2,0
Constant,1.356,14470.3,10569.4,10022.7,11886.3,0
Constant,0.761,10680.5,8268.8,8480.8,8441,0
Constant,0.463,9302.3,6013.6,9111.6,11025,0
Constant,0.481,15503.9,10176.9,11873.1,16709.8,0
Constant,0.193,11197.3,6784.6,13145.2,7062.9,0
Constant,2.483,11369.5,6560.3,13302.9,9991.4,0
Constant,4.726,14470.3,10205,11845,12747.7,0
Constant,1.376,12058.6,8564.9,10933.9,10852.7,0
Constant,0.646,11369.5,5069,14700,11541.8,0
Constant,1.024,11025,5752.2,16058.2,8957.8,0
Constant,0.346,8957.8,5279.6,10559.2,6373.8,0
Constant,0.302,11886.3,8747.1,7471.5,11369.5,0
Constant,0.618,10852.7,7669.6,7989.1,10680.5,0
Constant,0.559,16020.7,14578.5,4191.3,14987.1,0
Constant,1.38,11541.8,7229.5,14820.5,7235.2,0
Constant,0.954,13092.2,8018.2,12779,10335.9,0
Constant,0.421,11886.3,8373.4,8931.6,11025,0
Constant,1.853,11886.3,6140.5,14234.8,14814.8,0
Constant,1.514,13953.5,9958.1,9958.1,12747.7,0
Constant,1.406,11541.8,7445.5,12027.3,10852.7,0
Constant,1.202,12058.6,5118.8,16537.5,10335.9,0
Constant,0.49,11369.5,2795.1,19254.9,11369.5,0
Constant,1.784,12403.1,8382.6,9658.3,15503.9,0
Constant,0.487,10852.7,5915.9,13714,6718.4,0
Constant,0.47,13609,11845,3826.9,13609,0
Constant,0.385,13436.7,8957.8,13092.2,12230.9,0
Constant,0.409,11886.3,9284.2,6498.9,9819.1,0
Constant,1.073,11025,6784.6,9837.7,8441,0
Constant,0.89,15503.9,11845,8382.6,15331.6,0
Constant,0.864,10852.7,6850.5,11132,8613.3,0
Constant,3.387,9646.9,4961.2,13505.6,6890.6,0
Constant,2.484,11541.8,7289.3,14760.7,13609,0
Constant,1.742,11025,8747.1,5466.9,8785.5,0
Constant,0.552,16365.2,12506,8227.6,12919.9,0
Constant,0.897,14470.3,11331.2,10718.8,11369.5,0
Constant,1.604,12058.6,9688.6,5679.5,10163.7,0
Constant,0.587,9991.4,6189.5,7736.8,9302.3,0
Constant,1.03,8957.8,3575.7,14702.6,3789.8,0
Constant,0.89,12575.4,8413.8,11605.3,9130.1,0
Constant,0.903,13781.2,10482.8,7952.5,17915.6,0
Constant,0.628,16709.8,13454.2,8595.8,16537.5,0
Constant,1.488,12230.9,6106.2,13908.5,12575.4,0
Constant,0.58,12575.4,9107.6,11504.3,12403.1,0
Constant,0.597,11886.3,8166.7,9158.3,8268.8,0
Constant,1.171,12747.7,10327.2,6698.7,10852.7,0
Constant,0.612,11369.5,8200.4,8018.2,11886.3,0
Constant,0.566,8096.5,3195.7,16297.8,3617.6,0
Constant,0.79,13092.2,9107.6,12942.4,9130.1,0
Constant,0.613,11541.8,6468,13524,11541.8,0
Constant,0.375,11886.3,7517,14031.8,7579.7,0
Constant,0.552,13781.2,8931.6,12560.1,9302.3,0
Constant,0.66,11714.1,8617.2,6843.1,10852.7,0
Constant,1.153,11886.3,7653.7,13667.4,11714.1,0
Constant,1.568,11197.3,6765.3,15284.7,10852.7,0
Constant,0.479,10508.2,7112.9,10195.2,7924.2,0
Constant,0.377,11714.1,6164.5,13751.6,7924.2,0
Constant,1.641,12919.9,8747.1,11845,9302.3,0
Constant,0.127,11886.3,8929.3,5102.5,12747.7,0
Constant,0.281,13609,6907.2,14345.8,9130.1,0
Constant,0.755,10508.2,5702.6,11405.2,9302.3,0
Constant,1.489,12919.9,9079.4,12970.6,9474.6,0
Constant,0.815,15159.4,11298.3,7471.5,12747.7,0
Constant,0.984,12747.7,8382.6,7653.7,12919.9,0
Constant,0.791,12403.1,8983.3,8983.3,10335.9,0
Constant,0.599,15503.9,12695.5,9354.5,13609,0
Constant,0.907,10852.7,7056,9702,10852.7,0
Constant,1.332,10852.7,8498.4,6431.2,10852.7,0
Constant,0.617,12058.6,8235.5,10892.2,9646.9,0
Constant,0.675,12403.1,9187.5,7656.2,10163.7,0
Constant,0.5,11541.8,8382.6,6560.3,11369.5,0
Constant,1.308,11714.1,5415.8,16634.2,11886.3,0
Constant,0.972,11886.3,4699.2,15904.9,12230.9,0
Constant,1.304,11541.8,5512.5,16537.5,8785.5,0
Constant,1.204,10852.7,6253,14809.7,9819.1,0
Constant,1.74,13953.5,6843.1,15206.9,14298,0
Constant,0.577,11886.3,8556.7,13493.3,11025,0
Constant,1.349,11886.3,7543.4,14506.6,9130.1,0
Constant,1.231,12230.9,8166.7,11977.8,8441,0
Constant,0.944,10163.7,6211.3,13664.8,9130.1,0
Constant,0.304,10335.9,8214.7,13835.3,9130.1,0
Constant,0.445,8785.5,5040,12600,5684.8,0
Constant,0.39,13781.2,8750,13300,9991.4,0
Constant,0.373,14642.6,10545.7,11504.3,11886.3,0
Constant,0.659,14470.3,11349.3,9727.9,11369.5,0
Constant,1.1,13436.7,6462.9,15587.1,6546.1,0
Constant,1.011,17571.1,14760.7,6924.8,17054.3,0
Constant,0.354,10852.7,7975.5,5864.4,11025,0
Convex,0.729,13264.5,9293.8,10751.7,9819.1,1
Convex,0.814,11197.3,6013.6,14760.7,11369.5,1
Convex,0.746,13781.2,4920.2,14760.7,13953.5,1
Convex,0.968,9646.9,4373.6,16400.8,5512.5,1
Convex,0.839,10508.2,5466.9,14578.5,5857,1
Convex,0.579,11541.8,5831.4,12938.4,6890.6,1
Convex,0.784,10163.7,1378.1,18949.2,3445.3,1
Convex,0.628,10335.9,5202.8,16351.7,5857,1
Convex,0.981,10335.9,2411.7,19638.3,11197.3,1
Convex,0.796,10508.2,6742.6,11480.6,16537.5,1
Convex,0.606,8268.8,5512.5,15667.1,5512.5,1
Convex,0.787,9991.4,5739,12988.4,9474.6,1
Convex,0.606,12058.6,5836.8,14267.6,12058.6,1
Convex,0.635,13436.7,7747.3,11124.3,14987.1,1
Convex,0.919,8957.8,3307.5,18742.5,4478.9,1
Convex,0.842,13092.2,7747.3,14302.7,7924.2,1
Convex,1.036,12403.1,8564.9,13485.1,10680.5,1
Convex,0.913,8613.3,3006.8,19043.2,5340.2,1
Convex,0.696,13264.5,6853.4,10727,14814.8,1
Convex,0.804,12403.1,9111.6,10569.4,12058.6,1
Convex,0.68,14814.8,9710.1,8496.3,12919.9,1
Convex,0.902,11714.1,3976.2,15543.4,14470.3,1
Convex,0.105,18604.7,15655.5,5071.5,18777,1
Convex,0.86,11886.3,6890.6,11484.4,13092.2,1
Convex,0.606,11197.3,6805.6,11977.8,11197.3,1
Convex,0.569,12747.7,8544.4,11576.2,10163.7,1
Convex,0.52,10508.2,6737.5,13475,8785.5,1
Convex,0.642,15676.2,10933.9,10751.7,17743.4,1
Convex,0.719,12403.1,8501.2,13548.8,8785.5,1
Convex,0.657,12058.6,6924.8,11662.8,11197.3,1
Convex,0.638,12403.1,8018.2,11480.6,10163.7,1
Convex,0.953,11197.3,8200.4,10973.5,10508.2,1
Convex,0.931,13264.5,4555.8,17129.8,13609,1
Convex,1.012,12058.6,7836,14214,10680.5,1
Convex,1.186,8785.5,5432.6,16617.4,8785.5,1
Convex,1.047,11714.1,6401.6,13158.9,11025,1
Convex,0.952,11369.5,6195.9,12938.4,11714.1,1
Convex,0.601,10335.9,5512.5,12403.1,7752,1
Convex,0.859,9130.1,1929.4,19018.1,5684.8,1
Convex,0.215,16882,14101.7,7948.3,14470.3,1
Convex,0.139,16709.8,12918.2,7795.5,15503.9,1
Convex,0.798,11197.3,6378.1,10933.9,11541.8,1
Convex,0.512,13781.2,10335.9,11369.5,10852.7,1
Convex,0.707,14125.8,8747.1,9840.5,14642.6,1
Convex,1.173,10680.5,3675,12695.5,11541.8,1
Convex,0.544,12575.4,7107,10933.9,7924.2,1
Convex,0.888,13781.2,5432.6,16617.4,17743.4,1
Convex,0.423,9302.3,1198.4,20851.6,11197.3,1
Convex,0.712,13264.5,4373.6,17494.2,14814.8,1
Convex,0.88,10852.7,3731.5,17640,3789.8,1
Convex,0.74,15159.4,10022.7,10933.9,12575.4,1
Convex,0.382,13092.2,6710.9,8947.8,13264.5,1
Convex,0.838,9646.9,4691.5,16420.2,8096.5,1
Convex,0.292,14814.8,10747.1,11302.9,12575.4,1
Convex,0.717,9130.1,2756.2,19293.8,7062.9,1
Convex,0.691,8613.3,1807.4,20242.6,2239.5,1
Convex,0.762,10680.5,6201.6,15848.4,9302.3,1
Convex,0.75,10852.7,6555.4,13110.8,7235.2,1
Convex,0.793,6890.6,3421.6,18628.4,6546.1,1
Convex,0.468,9819.1,2826.9,18375,3789.8,1
Convex,0.8,9130.1,3583.1,18466.9,5168,1
Convex,0.564,11197.3,7041.2,9450,8957.8,1
Convex,0.943,13781.2,8200.4,12938.4,15848.4,1
Convex,0.758,12058.6,4095,13545,11886.3,1
Convex,0.623,14642.6,5831.4,10933.9,14987.1,1
Convex,0.562,12747.7,5959.5,14004.7,15331.6,1
Convex,0.77,14125.8,6453.7,11831.7,14814.8,1
Convex,0.666,13264.5,4083.3,17966.7,15159.4,1
Convex,0.796,10852.7,4186.7,11722.8,12747.7,1
Convex,0.883,10335.9,4516.3,11954.8,11541.8,1
Convex,0.839,11025,3515.2,14700,10508.2,1
Convex,0.856,10508.2,4642.1,16247.4,4823.4,1
Convex,0.822,11714.1,4410,17640,10335.9,1
Convex,0.839,11541.8,6907.2,13548.8,11369.5,1
Convex,0.982,11025,3097.9,18040.9,4823.4,1
Convex,0.647,11886.3,8728.1,10565.6,12230.9,1
Convex,0.97,8957.8,4593.8,17456.2,6546.1,1
Convex,0.543,11886.3,7809.4,9187.5,11025,1
Convex,0.543,9302.3,6890.6,7809.4,6890.6,1
Convex,0.926,11886.3,7653.7,14396.3,8441,1
Convex,1.386,13264.5,6201.6,15618.8,12575.4,1
Convex,1.132,12403.1,2405.5,19644.5,3617.6,1
Convex,0.603,11197.3,7653.7,9476,12575.4,1
Convex,0.951,11886.3,6560.3,10933.9,13781.2,1
Convex,0.807,11197.3,6689.3,10653.4,8785.5,1
Convex,0.77,10508.2,8018.2,6742.6,10335.9,1
Convex,0.594,15503.9,8200.4,10022.7,16365.2,1
Convex,1.012,14987.1,7471.5,13849.6,16020.7,1
Convex,0.868,14814.8,5739,11176,14814.8,1
Convex,0.401,11714.1,7543.4,8994.1,12230.9,1
Convex,0.374,9819.1,6615,7938,9646.9,1
Convex,0.782,9819.1,6378.1,8018.2,11369.5,1
Convex,0.996,11197.3,6261.1,12250,7752,1
Convex,0.856,9991.4,6582.1,8556.7,10680.5,1
Convex,0.885,9819.1,5355,13545,6890.6,1
Convex,0.718,12919.9,10022.7,7836,14470.3,1
Convex,0.652,11369.5,6485.3,12538.2,6890.6,1
Convex,0.74,10852.7,6917.6,14267.6,15331.6,1
Convex,0.601,10680.5,4755.9,16861.8,9991.4,1
Convex,0.63,12230.9,8200.4,7289.3,8785.5,1
Convex,0.093,13436.7,10751.7,4920.2,14814.8,1
Convex,0.11,12919.9,10157.9,6689.3,13092.2,1
Convex,0.908,11197.3,5102.5,14214,13436.7,1
Convex,0.669,11197.3,5466.9,9658.3,11369.5,1
Convex,0.79,11541.8,4920.2,8382.6,8096.5,1
Convex,1.389,12403.1,4555.8,10751.7,4651.2,1
Convex,0.166,9302.3,7107,5284.7,8268.8,1
Convex,0.458,13781.2,6431.2,13321.9,15676.2,1
Convex,0.563,12230.9,7653.7,9111.6,11541.8,1
Convex,0.765,13092.2,10387.2,10569.4,13092.2,1
Convex,0.947,12747.7,6013.6,15125.2,6718.4,1
Convex,0.952,13264.5,4200,17850,12919.9,1
Convex,1.27,11369.5,4171.6,16686.5,14298,1
Convex,1.076,13436.7,7471.5,12391.7,7579.7,1
Convex,1.186,10335.9,4228.8,16613,6718.4,1
Convex,0.667,6029.3,2940,19110,4823.4,1
Convex,0.804,15503.9,8198.1,13851.9,15503.9,1
Convex,0.957,12919.9,9293.8,12027.3,13264.5,1
Convex,0.631,8268.8,5102.5,8382.6,6890.6,1
Convex,0.781,10508.2,6742.6,11116.1,12230.9,1
Convex,0.656,12230.9,8336,12907.3,8441,1
Convex,0.922,8957.8,2672.7,19377.3,13609,1
Convex,0.675,12230.9,8200.4,8200.4,14298,1
Convex,0.721,12230.9,8200.4,10933.9,9991.4,1
Convex,0.676,12403.1,7471.5,5649.2,12230.9,1
Convex,0.635,12919.9,8564.9,7289.3,13781.2,1
Convex,0.887,13609,3969,15435,13609,1
Convex,0.904,13264.5,8929.3,10933.9,13953.5,1
Convex,0.535,12403.1,10022.7,5649.2,11369.5,1
Convex,0.738,13609,7836,10933.9,13436.7,1
Convex,0.887,13609,9658.3,9476,13609,1
Convex,0.861,9646.9,5616.5,12689.2,8096.5,1
Convex,0.886,12058.6,6750,10800,15676.2,1
Convex,0.72,9646.9,6378.1,12027.3,6546.1,1
Convex,0.749,10508.2,6013.6,14943,8613.3,1
Convex,0.615,10335.9,5466.9,14396.3,9819.1,1
Convex,0.845,13953.5,7471.5,12391.7,8785.5,1
Convex,0.968,12403.1,8123.7,9864.5,10335.9,1
Convex,0.883,12403.1,7289.3,11298.3,12747.7,1
Convex,1.18,10508.2,5284.7,16218.6,6890.6,1
Convex,0.452,10508.2,6924.8,10933.9,9130.1,1
Convex,0.776,13092.2,6189.5,15860.5,6546.1,1
Convex,0.49,9646.9,3215.6,18834.4,11541.8,1
Convex,0.368,10163.7,5512.5,16078.1,11541.8,1
Convex,0.526,7924.2,2795.1,19254.9,5512.5,1
Convex,0.513,9819.1,3850,18200,12575.4,1
Convex,0.485,8785.5,2756.2,19293.8,3789.8,1
Convex,0.345,8957.8,2756.2,19293.8,4134.4,1
Convex,0.232,10163.7,4539.7,17510.3,8268.8,1
Convex,0.521,10335.9,5600,16450,7752,1
Convex,0.41,11369.5,5378,16672,5512.5,1
Convex,0.393,9646.9,4116,16170,6546.1,1
Convex,0.451,12058.6,5109.1,14251.8,7235.2,1
Convex,0.445,12058.6,6110.2,15142.8,7752,1
Convex,0.43,11197.3,5861.4,15072.2,6029.3,1
Convex,0.463,13092.2,5690.3,14937.1,11714.1,1
Convex,0.337,12747.7,4550,17500,5857,1
Convex,0.541,4306.6,3834.8,17895.7,3962.1,1
Convex,0.405,14642.6,5512.5,15099.5,18087.9,1
Convex,0.453,13781.2,7350,12005,14125.8,1
Convex,0.548,9991.4,3372.4,18158.8,3617.6,1
Convex,0.546,12403.1,5512.5,16537.5,5684.8,1
Convex,0.358,12403.1,7056,14994,12058.6,1
Convex,0.451,11197.3,6485.3,12970.6,8613.3,1
Convex,0.45,10852.7,6052.9,15997.1,6546.1,1
Convex,0.265,13264.5,7833.6,13636.2,10335.9,1
Convex,0.35,12230.9,4704,17346,15848.4,1
Convex,0.466,12747.7,8505,11025,12230.9,1
Convex,0.531,12575.4,5512.5,15159.4,13264.5,1
Convex,0.396,11886.3,6924.8,14031.8,9474.6,1
Convex,0.275,13609,9363.7,10571.9,11369.5,1
Convex,0.482,14470.3,8695.8,11180.3,13953.5,1
Convex,0.464,14814.8,6576.3,15086.8,17915.6,1
Convex,0.269,15676.2,10500,10500,15159.4,1
Convex,0.439,16020.7,8885.8,10202.2,17571.1,1
Convex,0.397,12575.4,9354.5,11359.1,12230.9,1
Convex,0.256,13953.5,7875,13650,7924.2,1
Convex,0.549,13609,8056.7,13993.3,9474.6,1
Convex,0.421,11714.1,5936.5,14841.3,6373.8,1
Convex,0.372,12230.9,6784.6,15265.4,11025,1
Convex,0.549,10680.5,5775,14962.5,10508.2,1
Convex,0.439,8268.8,4102.3,17434.9,7235.2,1
Convex,0.445,8957.8,4725,14962.5,4995.7,1
Convex,0.434,11541.8,5979.7,15696.6,11541.8,1
Convex,0.185,16020.7,13302.9,6195.9,15159.4,1
Convex,0.354,11541.8,7350,14700,7407.4,1
Convex,0.367,12747.7,8994.1,12185.5,9474.6,1
Convex,0.501,7924.2,3026.5,19023.5,5512.5,1
Convex,0.401,14470.3,9284.2,10734.9,12747.7,1
Convex,0.237,9646.9,6174,15876,8785.5,1
Convex,0.216,16020.7,12100.6,7260.4,16020.7,1
Convex,0.414,14470.3,6890.6,15159.4,12403.1,1
Convex,0.351,9302.3,4410,8820,9819.1,1
Convex,1.081,14125.8,7015.9,12695.5,14814.8,1
Convex,0.998,11369.5,7260.4,9142.7,8613.3,1
Convex,1.182,13436.7,4642.1,11992.1,13609,1
Convex,0.49,13092.2,9840.5,5284.7,13436.7,1
Convex,1.386,11025,2733.5,19316.5,8613.3,1
Convex,1.013,10680.5,6742.6,10387.2,8441,1
Convex,0.879,13264.5,11298.3,6924.8,13092.2,1
Convex,0.586,12058.6,9631,4308.6,13609,1
Convex,0.872,13781.2,8929.3,12027.3,11025,1
Convex,0.671,12747.7,9826.6,8628.3,16365.2,1
Convex,0.629,13264.5,8717.4,12307,13264.5,1
Convex,0.629,13953.5,11287.5,4987.5,12403.1,1
Convex,0.644,13609,6485.3,11673.5,15503.9,1
Convex,1.042,12575.4,8419.1,9822.3,10335.9,1
Convex,0.623,10680.5,5752.2,13421.7,14125.8,1
Convex,0.251,17743.4,15489.7,6013.6,20671.9,1
Convex,0.696,8957.8,5466.9,8382.6,5857,1
Convex,0.905,11025,6784.6,12438.5,6890.6,1
Convex,0.795,13781.2,8564.9,11298.3,13609,1
Convex,0.708,10680.5,6236.4,12472.7,8096.5,1
Convex,0.811,14987.1,8711.1,11161.1,15848.4,1
Convex,0.725,12919.9,5594.8,16455.2,17743.4,1
Convex,0.7,12919.9,6161,14267.6,6201.6,1
Convex,0.484,11714.1,6890.6,15159.4,11025,1
Convex,0.378,14125.8,10022.7,10205,16882,1
Convex,0.879,11886.3,7844.7,10388.9,8268.8,1
Convex,1.049,11886.3,7458.1,11349.3,11714.1,1
Convex,0.951,9991.4,5988.9,14155.6,6546.1,1
Convex,0.782,13264.5,7597.1,11117.6,15331.6,1
Convex,0.97,10163.7,4462.5,15750,6201.6,1
Convex,1.446,10508.2,4603.8,15992.3,12403.1,1
Convex,0.869,11714.1,6560.3,13120.7,7062.9,1
Convex,0.709,11541.8,5966.5,13489.4,8613.3,1
Convex,0.289,16020.7,13849.6,4009.1,15159.4,1
Convex,0.894,10163.7,5727.3,13172.7,7579.7,1
Convex,0.875,10508.2,6013.6,10751.7,15503.9,1
Convex,0.773,8441,3753.2,18296.8,5857,1
Convex,0.828,12058.6,8200.4,10387.2,10852.7,1
Convex,0.745,10852.7,6106.2,13569.2,7924.2,1
Convex,0.659,12230.9,8308.7,13102.2,8441,1
Convex,1.197,12575.4,8018.2,14031.8,8096.5,1
Convex,0.868,11025,5880,16170,7924.2,1
Convex,1.293,13609,8563.1,13058.7,11369.5,1
Convex,0.94,12058.6,8200.4,10205,8268.8,1
Convex,0.796,14814.8,6784.6,14247.7,14814.8,1
Convex,1.026,14125.8,9284.2,10154.6,9302.3,1
Convex,0.787,13609,9894.2,10742.3,13092.2,1
Convex,0.654,9302.3,5649.2,6013.6,10852.7,1
Convex,0.779,9474.6,3508,13530.7,11025,1
Convex,0.904,10508.2,5021.3,6549.5,10508.2,1
Convex,1.208,10335.9,5943.9,10877.7,10508.2,1
Convex,1.102,10335.9,5160.6,13136.2,9991.4,1
Convex,0.927,12747.7,9111.6,12938.4,13092.2,1
Convex,1.152,9819.1,4920.2,8564.9,10852.7,1
Convex,0.362,8785.5,6560.3,9476,7924.2,1
Convex,0.209,12403.1,7350,9527.8,12230.9,1
Convex,1.04,11369.5,2450,19600,6201.6,1
Convex,0.677,10852.7,5831.4,12209.5,7407.4,1
Convex,0.653,8957.8,2396.7,16777.2,3445.3,1
Convex,0.873,11369.5,4760.8,12277.8,10852.7,1
Convex,0.959,14814.8,10751.7,10933.9,12747.7,1
Convex,1.013,12919.9,6560.3,9840.5,11886.3,1
Convex,0.903,13092.2,7015.9,11526.1,10680.5,1
Convex,1.001,9646.9,5011.4,13530.7,5340.2,1
Convex,1.074,12058.6,4134.4,17226.6,12575.4,1
Convex,0.54,10335.9,4738,12391.7,8785.5,1
Convex,0.992,10680.5,5466.9,16583.1,8096.5,1
Convex,0.945,9646.9,2863.6,16036.4,9474.6,1
Convex,0.866,8785.5,3644.6,13485.1,4823.4,1
Convex,0.866,10680.5,7536.1,13118.4,8957.8,1
Convex,0.72,11025,7143,11801.4,9474.6,1
Convex,0.629,10335.9,6140.5,11722.8,6201.6,1
Convex,0.528,14298,10609,8112.7,12747.7,1
Convex,1.156,12230.9,8382.6,7471.5,11369.5,1
Convex,1.186,13264.5,9658.3,10205,12747.7,1
Convex,0.816,9991.4,2915.7,19134.3,15848.4,1
Convex,0.807,12919.9,4037.3,18012.7,13264.5,1
Convex,0.985,12919.9,6924.8,13120.7,14814.8,1
Convex,1.035,11369.5,5512.5,14962.5,9302.3,1
Convex,0.985,11197.3,6300,13500,9302.3,1
Convex,0.998,11714.1,8100,9000,10852.7,1
Convex,0.712,12747.7,8018.2,9840.5,12575.4,1
Convex,0.553,12575.4,6211.3,13043.7,8096.5,1
Convex,0.528,9302.3,4642.1,11218.4,4823.4,1
Convex,0.794,7407.4,5308.3,16741.7,6718.4,1
Convex,1.037,10852.7,3100.8,18260.2,3100.8,1
Convex,1.736,10680.5,4530.8,16311,4651.2,1
Convex,1.806,10680.5,6586.4,15463.6,6718.4,1
Convex,0.812,12403.1,8190,13860,9646.9,1
Convex,0.975,13953.5,9840.5,10022.7,11714.1,1
Convex,0.482,9130.1,5145,16905,5168,1
Convex,0.371,13609,5649.2,9476,13609,1
Convex,1.139,13609,2957.9,17478.7,14642.6,1
Convex,0.258,9302.3,6471.2,6471.2,8785.5,1
Convex,0.581,13092.2,6924.8,13667.4,8785.5,1
Convex,0.446,13264.5,3920,18130,14298,1
Convex,0.462,13264.5,11662.8,6560.3,12403.1,1
Convex,0.49,11886.3,8382.6,8747.1,8613.3,1
Convex,0.745,13436.7,9476,8747.1,13436.7,1
Convex,0.828,13436.7,8983.3,10344.4,13264.5,1
Convex,0.73,9991.4,3891.2,15564.7,12403.1,1
Convex,0.875,12403.1,5649.2,15671.9,14470.3,1
Convex,0.604,13264.5,9293.8,12756.2,12919.9,1
Convex,0.861,12403.1,7015.9,15034.1,12747.7,1
Convex,0.579,12230.9,7517,12277.8,12919.9,1
Convex,0.848,11369.5,6911.2,12176.9,10508.2,1
Convex,0.682,13436.7,9107.6,10785.3,18260.2,1
Downsweep,0.53,15331.6,12209.5,7107,15676.2,1
Downsweep,0.524,13092.2,8200.4,9840.5,13436.7,1
Downsweep,0.084,11197.3,6742.6,12756.2,8785.5,1
Downsweep,0.611,12403.1,7726.9,14323.1,10335.9,1
Downsweep,0.996,11886.3,5854,16196,7407.4,1
Downsweep,0.511,8441,3462.4,14578.5,3617.6,1
Downsweep,0.623,14814.8,11662.8,10022.7,12403.1,1
Downsweep,0.242,14125.8,10022.7,12027.3,12747.7,1
Downsweep,0.249,14642.6,9633.5,12202.4,10508.2,1
Downsweep,0.997,12403.1,4248.2,17801.8,6890.6,1
Downsweep,0.207,17743.4,11396.6,10653.4,20671.9,1
Downsweep,0.708,11886.3,5102.5,12756.2,5857,1
Downsweep,0.293,12230.9,6514.8,15535.2,10163.7,1
Downsweep,0.339,12230.9,7894.4,14155.6,11197.3,1
Downsweep,0.229,13609,8526,13524,11714.1,1
Downsweep,0.277,13609,8947.8,13102.2,21533.2,1
Downsweep,0.238,12230.9,7179.1,14870.9,12230.9,1
Downsweep,0.159,13953.5,9107.6,12942.4,14125.8,1
Downsweep,0.25,13953.5,10195.2,11854.8,14814.8,1
Downsweep,0.287,16193,7840,14210,16365.2,1
Downsweep,0.287,12919.9,6860,15190,10335.9,1
Downsweep,0.284,14814.8,7840,14210,14987.1,1
Downsweep,0.287,15331.6,9587,12463,14470.3,1
Downsweep,0.287,14642.6,8268.8,13436.7,13781.2,1
Downsweep,0.271,13953.5,7151.4,14898.6,7235.2,1
Downsweep,0.312,14125.8,8343.2,13706.8,11886.3,1
Downsweep,0.317,15503.9,8820,13230,12919.9,1
Downsweep,0.284,17226.6,10387.2,11480.6,17226.6,1
Downsweep,0.299,16365.2,9906.5,12143.5,16193,1
Downsweep,0.216,17054.3,14188.7,7861.3,16537.5,1
Downsweep,0.214,17398.8,13849.6,8200.4,18432.4,1
Downsweep,0.244,13609,8268.8,13781.2,18260.2,1
Downsweep,0.166,18604.7,16218.6,5831.4,17571.1,1
Downsweep,0.27,15331.6,10606.3,11443.7,13264.5,1
Downsweep,0.228,17743.4,13619.1,8430.9,19293.8,1
Downsweep,0.246,16882,10569.4,11480.6,18087.9,1
Downsweep,0.818,12230.9,6924.8,14396.3,12230.9,1
Downsweep,0.792,12058.6,5959.5,16090.5,12230.9,1
Downsweep,0.359,15331.6,9423.1,12626.9,16537.5,1
Downsweep,0.271,16709.8,9991.4,12058.6,16365.2,1
Downsweep,0.525,14125.8,9675,12375,10508.2,1
Downsweep,0.657,10680.5,6742.6,12756.2,7924.2,1
Downsweep,0.345,10680.5,6013.6,8929.3,10508.2,1
Downsweep,0.135,10508.2,7471.5,5831.4,10680.5,1
Downsweep,0.423,11541.8,6765.3,10774.4,11541.8,1
Downsweep,0.985,13092.2,1575,20475,13436.7,1
Downsweep,0.773,12575.4,6013.6,13667.4,12747.7,1
Downsweep,0.138,14125.8,7836,12391.7,14642.6,1
Downsweep,0.334,10163.7,5102.5,15307.4,12058.6,1
Downsweep,0.251,12575.4,7805.3,12488.5,12747.7,1
Downsweep,0.82,13264.5,9944.1,12105.9,10852.7,1
Downsweep,0.618,12575.4,7471.5,14578.5,13953.5,1
Downsweep,0.294,11541.8,6991.5,12100.6,9646.9,1
Downsweep,0.385,10852.7,6835.5,11025,10508.2,1
Downsweep,0.392,11197.3,5322.4,14826.7,10508.2,1
Downsweep,0.796,16020.7,12878.8,8781,15676.2,1
Downsweep,0.277,10508.2,5739,11780.1,10852.7,1
Downsweep,0.311,10852.7,5766.9,14247.7,7407.4,1
Downsweep,0.673,16020.7,9658.3,12391.7,16537.5,1
Downsweep,0.544,11886.3,5943.9,11120.9,12403.1,1
Downsweep,0.499,9646.9,4738,12209.5,6546.1,1
Downsweep,0.278,8785.5,3097.9,16765.3,5857,1
Downsweep,0.577,10852.7,5936.5,16113.5,9646.9,1
Downsweep,0.902,12403.1,7471.5,14031.8,11197.3,1
Downsweep,0.244,16020.7,11298.3,10387.2,20671.9,1
Downsweep,0.231,16537.5,12695.5,9354.5,14642.6,1
Downsweep,0.213,18260.2,15196.6,6853.4,17743.4,1
Downsweep,0.392,15331.6,10429.1,11620.9,16365.2,1
Downsweep,0.233,17226.6,13485.1,8564.9,13609,1
Downsweep,0.412,11886.3,7717.5,12678.8,7752,1
Downsweep,0.731,9302.3,5739,14800.7,5857,1
Downsweep,0.264,16365.2,12600,9450,16193,1
Downsweep,0.583,8785.5,3826.9,13302.9,5684.8,1
Downsweep,0.679,11369.5,5102.5,16400.8,11369.5,1
Downsweep,0.74,12403.1,1002.3,18375,14642.6,1
Downsweep,0.777,12575.4,5742.2,14929.7,14470.3,1
Downsweep,0.306,16537.5,13230,8820,14987.1,1
Downsweep,0.514,15331.6,6917.6,15132.4,14814.8,1
Downsweep,0.992,10680.5,3458.8,18158.8,9302.3,1
Downsweep,0.245,17054.3,13748.8,8301.2,13953.5,1
Downsweep,0.245,17054.3,11760,10290,16020.7,1
Downsweep,0.251,17054.3,13338.9,8711.1,16020.7,1
Downsweep,0.233,17054.3,13120.7,8929.3,14125.8,1
Downsweep,0.232,14470.3,8969.5,13080.5,9302.3,1
Downsweep,0.256,13436.7,7350,14700,13781.2,1
Downsweep,0.198,15159.4,12361.4,9688.6,12403.1,1
Downsweep,0.222,16709.8,10456.7,11593.3,19121.5,1
Downsweep,0.313,11025,2876.1,19173.9,6029.3,1
Downsweep,0.252,14987.1,9107.6,12942.4,15676.2,1
Downsweep,0.239,16365.2,9712.5,12337.5,17743.4,1
Downsweep,0.205,15159.4,10459.6,11590.4,17054.3,1
Downsweep,0.262,13953.5,9000,13050,12919.9,1
Downsweep,0.175,17571.1,11250,10800,18777,1
Downsweep,0.681,9302.3,6195.9,6742.6,12919.9,1
Downsweep,0.44,8613.3,4478.9,10335.9,5340.2,1
Downsweep,0.739,11886.3,7653.7,11845,9302.3,1
Downsweep,0.751,11714.1,5457.9,16592.1,13609,1
Downsweep,0.398,17743.4,10205,11845,18949.2,1
Downsweep,0.466,13953.5,9293.8,9840.5,13781.2,1
Downsweep,0.433,15676.2,11215.1,7413.4,14125.8,1
Downsweep,0.579,12403.1,7980,11340,11369.5,1
Downsweep,0.147,15159.4,13569.2,4603.8,14987.1,1
Downsweep,0.584,13264.5,5102.5,14760.7,16365.2,1
Downsweep,0.222,17226.6,13883.3,5512.5,17743.4,1
Downsweep,0.909,11714.1,4738,17312,12747.7,1
Downsweep,0.613,9130.1,4191.3,17858.7,6546.1,1
Downsweep,0.572,10852.7,3368.8,18681.2,12575.4,1
Downsweep,0.558,12403.1,7112.9,14937.1,12747.7,1
Downsweep,0.094,13953.5,10205,10205,13436.7,1
Downsweep,0.52,12230.9,5649.2,12938.4,12058.6,1
Downsweep,0.466,10680.5,7056,8379,12747.7,1
Downsweep,0.747,12919.9,9261,12789,13953.5,1
Downsweep,0.643,5340.2,4121.5,14425.2,4478.9,1
Downsweep,0.639,12230.9,5620.6,14916.2,9991.4,1
Downsweep,0.622,12575.4,7107,12574,15848.4,1
Downsweep,0.697,13609,9111.6,10387.2,14298,1
Downsweep,0.725,12403.1,3462.4,18587.6,13264.5,1
Downsweep,0.816,9819.1,4709.7,10489.8,6890.6,1
Downsweep,0.818,10163.7,2733.5,19316.5,11541.8,1
Downsweep,0.756,9819.1,4410,17640,4478.9,1
Downsweep,0.527,11197.3,6013.6,16036.4,14125.8,1
Downsweep,0.41,12575.4,5001,17049,18777,1
Downsweep,0.751,8785.5,4097.8,13073.9,8785.5,1
Downsweep,0.847,7579.7,1968.8,20081.2,2067.2,1
Downsweep,0.491,10852.7,4009.1,16036.4,11714.1,1
Downsweep,0.412,15848.4,9476,10569.4,14642.6,1
Downsweep,0.704,13436.7,8929.3,10205,13092.2,1
Downsweep,0.729,12575.4,5664.2,13958.3,13092.2,1
Downsweep,0.684,12747.7,4209.5,15435,14642.6,1
Downsweep,0.386,13436.7,9555,9555,12230.9,1
Downsweep,0.837,12575.4,7547.3,14502.7,8096.5,1
Downsweep,0.837,11714.1,6742.6,12391.7,8613.3,1
Downsweep,0.691,13092.2,7105,14945,14298,1
Downsweep,0.777,11714.1,4655,17395,9646.9,1
Downsweep,0.811,12919.9,8018.2,11480.6,16882,1
Downsweep,0.83,12230.9,1960,17640,13436.7,1
Downsweep,0.929,10508.2,5378,15596.3,10163.7,1
Downsweep,0.538,12575.4,7432.6,12635.4,16365.2,1
Downsweep,0.246,14642.6,12220.5,7438.6,13953.5,1
Downsweep,0.57,12058.6,7653.7,12209.5,8268.8,1
Downsweep,0.401,12403.1,9476,10205,9819.1,1
Downsweep,0.462,11714.1,6767.8,11570.8,8613.3,1
Downsweep,0.571,14987.1,11662.8,6013.6,15331.6,1
Downsweep,0.328,12403.1,9772.2,7767.6,12058.6,1
Downsweep,0.62,13781.2,7284.4,12993.8,14987.1,1
Downsweep,0.772,12575.4,4410,15234.5,9819.1,1
Downsweep,0.219,12575.4,8556.7,9873.1,10508.2,1
Downsweep,0.621,11541.8,9293.8,10387.2,11541.8,1
Downsweep,0.203,14814.8,13508.1,5959.5,13609,1
Downsweep,0.541,13436.7,8929.3,9476,10163.7,1
Downsweep,0.834,15676.2,8929.3,13120.7,14470.3,1
Downsweep,0.166,15159.4,10022.7,12027.3,11541.8,1
Downsweep,0.315,12058.6,8564.9,10387.2,11541.8,1
Downsweep,1.143,12575.4,8675.4,13374.6,10508.2,1
Downsweep,0.822,9474.6,5356.8,16693.2,5512.5,1
Downsweep,0.315,14298,12127.5,6457.5,13264.5,1
Downsweep,0.637,7752,4642.1,8355.8,7579.7,1
Downsweep,0.63,11369.5,7891.6,9980.5,7924.2,1
Downsweep,0.677,7924.2,3249.5,10676.8,8613.3,1
Downsweep,0.367,7235.2,5284.7,4920.2,7407.4,1
Downsweep,0.364,11197.3,7704.2,9032.5,8957.8,1
Downsweep,0.405,6890.6,2111.2,9617.6,2584,1
Downsweep,0.594,7579.7,2205,10045,6890.6,1
Downsweep,0.855,11886.3,7653.7,11298.3,7924.2,1
Downsweep,0.923,11369.5,6201.6,12632.8,11369.5,1
Downsweep,0.827,11025,5460,13650,7407.4,1
Downsweep,0.786,11714.1,7624.8,12364.5,10508.2,1
Downsweep,0.786,11197.3,5512.5,13671,11369.5,1
Downsweep,0.745,12919.9,4555.8,14396.3,14298,1
Downsweep,0.319,11886.3,6890.6,8662.5,7235.2,1
Downsweep,0.314,15503.9,11441,7696.7,15331.6,1
Downsweep,0.546,11714.1,6698.7,8931.6,12919.9,1
Downsweep,0.369,12919.9,6339.4,11576.2,13264.5,1
Downsweep,0.517,11886.3,7471.5,11845,11025,1
Downsweep,0.554,15159.4,9658.3,9840.5,17398.8,1
Downsweep,0.579,13609,6572.6,12721.2,10680.5,1
Downsweep,0.708,14470.3,5653.8,14134.6,15159.4,1
Downsweep,0.533,15159.4,7793.5,11595.3,11369.5,1
Downsweep,0.79,12058.6,4504.8,16596.8,11541.8,1
Downsweep,0.69,12230.9,7441.9,14608.1,11197.3,1
Downsweep,0.747,12747.7,8747.1,9840.5,10508.2,1
Downsweep,1.056,2756.2,975.7,18342.5,1205.9,1
Downsweep,0.882,16020.7,9800,12250,16537.5,1
Downsweep,0.692,14298,10205,11480.6,12575.4,1
Downsweep,0.695,12230.9,5953.5,16096.5,12403.1,1
Downsweep,0.966,14642.6,8820,13230,14987.1,1
Downsweep,0.582,13092.2,9476,12574,12575.4,1
Downsweep,0.633,13781.2,8018.2,13849.6,15848.4,1
Downsweep,0.543,14814.8,10205,11845,10680.5,1
Downsweep,0.745,13609,6963.2,15086.8,15848.4,1
Downsweep,0.683,11886.3,6063.8,15802.5,12575.4,1
Downsweep,0.262,11541.8,7274.2,12957.2,7407.4,1
Downsweep,1.081,15331.6,9840.5,12209.5,15331.6,1
Downsweep,0.586,12230.9,7731.8,14318.2,7924.2,1
Downsweep,0.501,12230.9,7350,14700,12919.9,1
Downsweep,0.405,14125.8,11480.6,7107,11886.3,1
Downsweep,0.647,13436.7,12027.3,10022.7,13436.7,1
Downsweep,0.293,15503.9,12495,9003.8,14814.8,1
Downsweep,0.403,9819.1,5512.5,16537.5,8441,1
Downsweep,0.256,14814.8,10653.4,11396.6,13781.2,1
Downsweep,1.097,10508.2,4738,12574,5168,1
Downsweep,0.804,7924.2,2672.7,19377.3,5168,1
Downsweep,1.049,9646.9,4568.9,15693.2,5857,1
Downsweep,0.489,8441,5102.5,8018.2,8096.5,1
Downsweep,0.714,12230.9,7289.3,11480.6,13953.5,1
Downsweep,0.662,6718.4,2733.5,19316.5,3100.8,1
Downsweep,0.452,10852.7,4191.3,17858.7,9819.1,1
Downsweep,0.607,13264.5,3981.2,15618.8,15331.6,1
Downsweep,0.68,12919.9,4555.8,14760.7,12747.7,1
Downsweep,0.532,6201.6,4373.6,17676.4,5340.2,1
Downsweep,0.806,6890.6,4373.6,10387.2,4478.9,1
Downsweep,0.5,17226.6,15097.3,6952.7,18604.7,1
Downsweep,0.622,13264.5,7350,14700,8957.8,1
Downsweep,0.369,13264.5,10933.9,5284.7,12403.1,1
Downsweep,0.437,13953.5,11161.1,4627.8,15159.4,1
Downsweep,0.766,13436.7,7904.7,11233,13953.5,1
Downsweep,0.437,14814.8,11025,8085,14470.3,1
Downsweep,0.312,12747.7,7471.5,10387.2,12919.9,1
Downsweep,0.512,9130.1,3758.5,13530.7,8268.8,1
Downsweep,0.498,10508.2,4171.6,12514.9,6373.8,1
Downsweep,0.219,16537.5,9046.2,10459.6,16709.8,1
Downsweep,0.294,15848.4,10205,10933.9,15848.4,1
Downsweep,0.377,12919.9,7817.7,7817.7,13609,1
Downsweep,0.463,12403.1,8018.2,12574,9991.4,1
Downsweep,0.645,14814.8,7653.7,14396.3,10163.7,1
Downsweep,0.191,13436.7,9530.1,7100.8,9991.4,1
Downsweep,0.708,12747.7,8200.4,10569.4,11886.3,1
Downsweep,0.683,13264.5,9111.6,11116.1,13264.5,1
Downsweep,0.632,11541.8,8018.2,10751.7,8785.5,1
Downsweep,0.486,10680.5,6924.8,12027.3,9302.3,1
Downsweep,0.699,10335.9,6742.6,8382.6,10852.7,1
Downsweep,0.242,12747.7,10205,7836,12919.9,1
Downsweep,0.608,11714.1,6195.9,12391.7,6890.6,1
Downsweep,0.422,12575.4,6236.4,13140.9,13264.5,1
Downsweep,0.793,11197.3,6013.6,12756.2,9130.1,1
Downsweep,0.878,12403.1,4823.4,14240.6,13092.2,1
Downsweep,0.801,11369.5,6013.6,13485.1,8268.8,1
Downsweep,0.864,10680.5,3595.1,15578.8,6029.3,1
Downsweep,0.734,8957.8,4347.9,14907,6890.6,1
Downsweep,0.929,12919.9,7107,14943,12575.4,1
Downsweep,0.434,13609,10569.4,7653.7,10852.7,1
Downsweep,0.368,12575.4,3793.5,18256.5,6029.3,1
Downsweep,1.189,9819.1,5292,16758,8957.8,1
Downsweep,0.764,10163.7,4851,17199,5340.2,1
Downsweep,0.291,16365.2,9748.4,12301.6,20327.3,1
Downsweep,0.256,17226.6,9752.9,12297.1,16709.8,1
Downsweep,0.251,18260.2,9320.1,12729.9,18260.2,1
Downsweep,0.256,17398.8,9665.8,12384.2,17054.3,1
Downsweep,0.243,18087.9,8373.4,13676.6,20327.3,1
Downsweep,0.251,18087.9,10237.5,11812.5,19121.5,1
Downsweep,0.252,18087.9,10306,11744,18777,1
Downsweep,0.599,15159.4,10387.2,11662.8,13436.7,1
Downsweep,0.626,11714.1,6784.6,15265.4,11886.3,1
Downsweep,0.51,17226.6,13120.7,8929.3,14470.3,1
Downsweep,1.056,12747.7,6378.1,15671.9,15676.2,1
Downsweep,0.779,12058.6,7560,13020,12919.9,1
Downsweep,0.763,3100.8,2450,19600,2584,1
Downsweep,0.293,17571.1,13485.1,8564.9,19982.8,1
Downsweep,1.132,10852.7,5053.1,16996.9,13609,1
Downsweep,0.268,15503.9,8728.1,13321.9,15159.4,1
Downsweep,0.352,13436.7,8235.5,13814.5,10680.5,1
Downsweep,0.604,13092.2,5127.9,16665.7,13092.2,1
Downsweep,0.863,12919.9,7420.7,13971.1,9474.6,1
Downsweep,0.738,12230.9,6986.1,15063.9,10852.7,1
Downsweep,0.88,12575.4,3307.5,18742.5,12575.4,1
Downsweep,0.605,12747.7,8894.1,8338.2,8957.8,1
Downsweep,0.996,9130.1,4189.5,17860.5,9991.4,1
Downsweep,0.77,11714.1,7704.2,11423.5,7752,1
Downsweep,0.759,8785.5,3462.4,16400.8,4995.7,1
Downsweep,0.72,14642.6,10022.7,12027.3,10163.7,1
Downsweep,0.549,12919.9,9481.5,12568.5,10335.9,1
Downsweep,1.147,11541.8,6930,11130,12919.9,1
Downsweep,0.561,12747.7,8544.4,13505.6,12575.4,1
Downsweep,0.647,10508.2,5707.1,11673.5,5857,1
Downsweep,0.575,9302.3,3280.2,18769.8,6029.3,1
Downsweep,0.293,12919.9,8204.7,13845.3,12230.9,1
Downsweep,0.323,13436.7,7948.3,14101.7,18777,1
Downsweep,0.833,11369.5,3644.6,18405.4,11369.5,1
Downsweep,0.76,9302.3,3041.4,19008.6,3273,1
Downsweep,0.165,10680.5,4699.2,14820.5,8268.8,1
Downsweep,0.302,14470.3,8544.4,13505.6,16193,1
Downsweep,0.484,10680.5,8200.4,6742.6,10680.5,1
Downsweep,0.167,13781.2,12209.5,4373.6,13781.2,1
Downsweep,0.556,12747.7,7072.6,12481.1,13781.2,1
Downsweep,0.724,9991.4,6924.8,8564.9,8268.8,1
Downsweep,0.658,12058.6,9111.6,10569.4,11714.1,1
Downsweep,0.434,9302.3,5966.5,9338.8,10852.7,1
Downsweep,0.638,11541.8,5284.7,16765.3,11025,1
Downsweep,0.348,12747.7,7471.5,12391.7,12747.7,1
Downsweep,0.489,12058.6,7617.3,11826.8,8785.5,1
Downsweep,0.637,10163.7,5802.6,13230,8096.5,1
Downsweep,0.807,12058.6,5649.2,13485.1,13436.7,1
Downsweep,0.628,11369.5,7140,14070,7752,1
Downsweep,0.423,11197.3,6441.6,10901.1,12058.6,1
Downsweep,0.475,18260.2,12574,9476,19466,1
Downsweep,0.27,17226.6,8728.1,13321.9,17226.6,1
Downsweep,0.309,16709.8,9721,12329,16365.2,1
Downsweep,0.404,11886.3,5172.2,13883.3,13436.7,1
Downsweep,0.341,15159.4,8175.8,13874.2,9302.3,1
Downsweep,0.396,11197.3,6090,12390,11197.3,1
Sine,0.109,11886.3,7836,7836,12403.1,2
Sine,0.952,11369.5,6125,13066.7,11541.8,2
Sine,0.883,11714.1,8382.6,9658.3,11886.3,2
Sine,0.693,13264.5,9840.5,12209.5,12575.4,2
Sine,1.21,11886.3,7653.7,13849.6,11197.3,3
Sine,0.735,13092.2,6431.2,15312.5,6718.4,3
Sine,0.674,12230.9,4134.4,17915.6,11025,2
Sine,0.734,14298,7350,14700,14814.8,3
Sine,0.96,10508.2,4009.1,18040.9,10163.7,2
Sine,1.522,9819.1,3726.8,18323.2,4134.4,3
Sine,1.21,12058.6,6498.9,15551.1,15331.6,3
Sine,0.606,12058.6,7253.3,14796.7,11886.3,2
Sine,1.176,13264.5,4685.6,17364.4,14125.8,3
Sine,1.21,11369.5,3614.8,18435.2,3789.8,3
Sine,1.785,14298,8018.2,14031.8,15159.4,2
Sine,0.893,10852.7,6063.8,13781.2,9991.4,2
Sine,1.138,13092.2,8413.8,13346.1,16193,3
Sine,1.167,11197.3,6261.1,14972.2,11886.3,3
Sine,1.128,11541.8,7684.1,14365.9,11714.1,3
Sine,1.187,12747.7,6860,15190,16537.5,3
Sine,0.864,9646.9,5363.5,16388.5,5857,2
Sine,1.187,13092.2,4331.2,17718.8,17398.8,3
Sine,1.148,10508.2,2594.1,19455.9,16709.8,3
Sine,0.658,10508.2,7289.3,13667.4,9819.1,2
Sine,0.675,12230.9,7856.9,12925.9,10335.9,2
Sine,0.961,15331.6,7603.4,14446.6,16020.7,3
Sine,0.893,10163.7,5649.2,12938.4,9646.9,2
Sine,1.713,10680.5,4664.4,17385.6,12230.9,2
Sine,0.969,12230.9,7350,14700,11714.1,2
Sine,1.126,11025,3850,18200,7924.2,3
Sine,0.701,11886.3,9246.8,12803.2,9302.3,2
Sine,1.246,13092.2,3771.7,18278.3,13264.5,2
Sine,1.713,10335.9,3969,17199,9991.4,3
Sine,0.761,12747.7,2608.1,19441.9,11197.3,2
Sine,1.071,10508.2,4900,17150,6373.8,3
Sine,1.159,9991.4,2450,19600,9819.1,3
Sine,1.186,11025,5172.2,16877.8,12403.1,3
Sine,1.155,9646.9,2168.9,19881.1,4478.9,3
Sine,0.904,11886.3,1837.5,20212.5,11369.5,2
Sine,1.112,10680.5,3031.9,18742.5,3100.8,3
Sine,0.896,12058.6,8723.1,13326.9,9819.1,3
Sine,1.314,14642.6,9187.5,12862.5,9302.3,2
Sine,0.275,15159.4,9840.5,12209.5,14814.8,2
Sine,0.525,8957.8,4009.1,18040.9,4478.9,3
Sine,0.772,12230.9,8018.2,10751.7,11886.3,3
Sine,0.2,10508.2,6401.6,9958.1,8785.5,2
Sine,0.678,14470.3,10205,9111.6,18604.7,3
Sine,1.01,13781.2,4738,16947.5,12230.9,3
Sine,0.837,10335.9,4920.2,13849.6,9474.6,3
Sine,1.052,12058.6,6784.6,13145.2,11197.3,2
Sine,0.636,12058.6,9293.8,8929.3,9991.4,2
Sine,0.746,14125.8,4050,18000,19810.5,2
Sine,0.802,11197.3,4050,18000,11197.3,2
Sine,0.756,12403.1,7848.3,12706.8,12230.9,2
Sine,1.189,15848.4,11189.6,10860.4,12403.1,2
Sine,0.663,15503.9,11977.8,9255.6,15159.4,3
Sine,0.562,11197.3,6013.6,10387.2,11886.3,2
Sine,1.268,12058.6,9658.3,10387.2,10680.5,3
Sine,1.124,11197.3,6485.3,15564.7,10335.9,3
Sine,1.059,9474.6,3891.2,17726.5,4306.6,2
Sine,1.346,12230.9,6917.6,15132.4,10680.5,2
Sine,0.981,11714.1,8647.1,13402.9,10163.7,2
Sine,0.98,12919.9,7350,13835.3,14642.6,2
Sine,1.294,11886.3,4323.5,17726.5,10508.2,3
Sine,0.784,12747.7,7782.4,14267.6,8441,2
Sine,1.177,13953.5,6917.6,15132.4,15848.4,3
Sine,0.967,11197.3,5620.6,15997.1,5684.8,3
Sine,0.719,11541.8,3891.2,18158.8,12919.9,2
Sine,1.437,11025,6485.3,13402.9,7924.2,3
Sine,1.145,11714.1,7471.5,12756.2,11025,2
Sine,0.9,16365.2,4465.8,17584.2,17915.6,2
Sine,0.999,12575.4,4410,17640,12058.6,3
Sine,1.005,12058.6,4823.4,17226.6,12058.6,3
Sine,0.943,10163.7,4699.2,14459,4823.4,2
Sine,0.566,11369.5,5831.4,14396.3,6546.1,2
Sine,0.861,11886.3,7471.5,14031.8,8613.3,2
Sine,0.449,12403.1,8200.4,12209.5,8441,2
Sine,1.01,10852.7,6742.6,12391.7,6890.6,2
Sine,0.526,8957.8,3644.6,16583.1,7924.2,2
Sine,1.155,9646.9,5284.7,12756.2,6029.3,3
Sine,1.133,12230.9,8200.4,12574,8785.5,2
Sine,1.098,10508.2,3006.8,19043.2,3273,3
Sine,0.679,14642.6,10176.9,11873.1,13781.2,3
Sine,0.619,10508.2,4373.6,15307.4,7752,2
Sine,1.168,10335.9,4009.1,18040.9,7579.7,2
Sine,1.021,8096.5,3575.7,18474.3,6373.8,2
Sine,0.507,10508.2,6615,14490,9474.6,2
Sine,0.838,13092.2,8018.2,13849.6,8785.5,3
Sine,0.797,15503.9,10751.7,11298.3,10852.7,3
Sine,0.708,13264.5,8200.4,10022.7,12575.4,2
Sine,0.488,13436.7,6586.4,15463.6,13264.5,2
Sine,0.525,13436.7,5040,17010,13609,2
Sine,0.976,13092.2,7993.1,14056.9,12575.4,3
Sine,0.655,12230.9,8018.2,11662.8,9130.1,3
Sine,0.432,11541.8,6013.6,16036.4,8268.8,3
Sine,0.414,11025,6013.6,15307.4,12919.9,2
Sine,0.631,8957.8,3949.3,18100.7,8785.5,3
Sine,0.387,8268.8,2168.9,19881.1,3445.3,2
Sine,0.763,11541.8,5831.4,13849.6,5857,2
Sine,0.444,14987.1,10391.4,8617.2,14814.8,2
Sine,1.066,14125.8,9293.8,10205,14125.8,3
Sine,0.554,12230.9,9293.8,12756.2,11886.3,2
Sine,1.147,12230.9,7471.5,14578.5,13781.2,2
Sine,0.696,10163.7,5831.4,14943,5857,2
Sine,0.956,9302.3,2646,18228,4995.7,2
Sine,1.123,9130.1,3675,18375,8957.8,2
Sine,1.283,11025,6453.7,15596.3,6546.1,2
Sine,0.662,9302.3,3543.8,18112.5,4651.2,2
Sine,1.124,8785.5,2420.1,19629.9,9302.3,2
Sine,0.964,7924.2,4459.6,17590.4,8268.8,2
Sine,1.334,9819.1,4998,17052,5340.2,2
Sine,1.039,10335.9,4331.3,17718.7,6890.6,2
Sine,0.537,10680.5,7350,12005,9302.3,2
Sine,0.931,11025,7289.3,9111.6,9646.9,2
Sine,0.913,10852.7,4410,17640,5340.2,2
Sine,0.454,9646.9,5512.5,14332.5,5512.5,2
Sine,1.047,12919.9,5844.6,16205.4,9646.9,3
Sine,0.869,11886.3,8158.5,13891.5,10163.7,3
Sine,0.711,9819.1,4491.7,14700,5857,2
Sine,0.777,10335.9,6211.3,14907,6890.6,2
Sine,1.007,12058.6,6560.3,15489.7,12058.6,3
Sine,0.874,8096.5,2255.1,19794.9,3962.1,2
Sine,0.989,10680.5,2232.9,19817.1,4651.2,3
Sine,1.048,10852.7,3150,18900,10852.7,3
Sine,1.074,12230.9,3976.2,17712.3,12747.7,3
Sine,1.306,11369.5,7836,12574,9991.4,3
Sine,1.161,10508.2,4851,16317,10335.9,3
Sine,0.689,11197.3,5292,16758,8096.5,2
Sine,0.642,12403.1,5250,16800,11197.3,2
Sine,0.99,7062.9,3082.3,18967.7,3273,2
Sine,0.777,14814.8,11340,10080,15331.6,2
Sine,1.174,12058.6,8652.5,13397.5,11714.1,3
Sine,0.816,8096.5,4840.2,9411.6,7235.2,2
Sine,1.16,10163.7,4920.2,17129.8,5684.8,3
Sine,1.055,13436.7,8929.3,10569.4,14814.8,2
Sine,1.033,9474.6,6013.6,8929.3,8785.5,2
Sine,0.908,11714.1,6560.3,15489.7,9991.4,2
Sine,1.083,12230.9,7836,11480.6,8957.8,3
Sine,0.882,12058.6,6013.6,16036.4,6201.6,2
Sine,0.376,11886.3,8018.2,9476,13436.7,2
Sine,0.535,11714.1,6832.4,14596.5,10680.5,3
Sine,1.147,11714.1,9476,9840.5,11541.8,2
Sine,0.095,13953.5,10255.8,6409.9,13264.5,2
Sine,0.55,13092.2,5308.3,16333.3,13092.2,2
Sine,0.802,10680.5,4343.2,14365.9,10680.5,2
Sine,0.705,11025,5040,15120,8441,2
Sine,0.507,10680.5,4119.2,14053.8,12403.1,2
Sine,0.773,11541.8,5188.2,15564.7,12919.9,2
Sine,0.832,14470.3,9230.2,12819.8,13781.2,2
Sine,0.756,14814.8,10022.7,10022.7,13264.5,3
Sine,0.859,12919.9,6924.8,12756.2,9302.3,3
Sine,0.696,11541.8,6063.8,13505.6,11369.5,2
Sine,0.398,12058.6,5512.5,13926.3,12403.1,2
Sine,0.435,9991.4,5512.5,10004.2,6373.8,2
Sine,0.339,14987.1,12574,6742.6,15159.4,2
Sine,0.46,11541.8,5322.4,13686.2,11886.3,2
Sine,0.69,12747.7,9111.6,9111.6,11197.3,3
Sine,0.703,13092.2,9310,10780,13609,3
Sine,1.948,13781.2,8881.2,10412.5,13436.7,2
Sine,0.665,9819.1,3226.8,18823.2,5684.8,3
Sine,0.852,11714.1,7471.5,14578.5,12058.6,2
Sine,0.834,11886.3,4664.4,17385.6,11714.1,2
Sine,0.901,11886.3,4664.4,17385.6,12403.1,2
Sine,1.176,11541.8,6742.6,15307.4,12575.4,2
Sine,1.141,9819.1,2484.5,19565.5,12575.4,2
Sine,1.146,10335.9,4469.6,17580.4,5684.8,2
Sine,1.02,13264.5,8018.2,14031.8,8096.5,3
Sine,0.549,15159.4,10785.3,11264.7,12575.4,3
Sine,0.507,13264.5,7809.4,14240.6,8096.5,3
Sine,0.412,16020.7,7445.5,14604.5,18432.4,3
Sine,0.378,13953.5,9680.5,12369.5,13092.2,2
Sine,0.458,11025,5378,16672,10508.2,2
Sine,0.321,16365.2,14214,4738,15503.9,2
Sine,0.797,12747.7,7836,10205,12747.7,3
Sine,0.408,11541.8,7000,8400,13436.7,2
Sine,0.666,13092.2,6225.9,12970.6,13781.2,2
Sine,0.586,12058.6,6140.5,13676.6,12575.4,2
Sine,1.182,10852.7,3445.3,16537.5,5168,2
Sine,1.182,10852.7,3445.3,16537.5,5168,2
Sine,0.818,11025,4562.1,17487.9,6201.6,3
Sine,1.201,8268.8,2940,9114,8441,3
Sine,0.704,10508.2,5783.6,12651.6,8268.8,2
Sine,0.801,11886.3,6013.6,13485.1,11541.8,3
Sine,0.958,12919.9,4615.1,17434.9,13953.5,2
Sine,0.901,12575.4,8232,11760,8441,2
Sine,0.601,10508.2,4744.9,12560.1,9646.9,2
Sine,0.772,13781.2,7569.4,12176.9,13092.2,3
Sine,1.058,11886.3,6339.4,13230,7579.7,2
Sine,0.744,11197.3,4749.2,14247.7,8785.5,2
Sine,0.729,11886.3,6231.5,11983.7,13436.7,2
Sine,0.852,11197.3,4191.3,16036.4,11025,3
Sine,1.025,13092.2,4677.3,17372.7,13953.5,2
Sine,0.842,12403.1,5313.3,14345.8,12747.7,3
Sine,0.393,11197.3,5272.8,15339.1,11197.3,2
Sine,0.966,10335.9,7107,12391.7,9991.4,2
Sine,0.574,13264.5,8200.4,12027.3,12058.6,3
Sine,0.609,14470.3,9020.5,13029.5,13436.7,3
Sine,0.661,16193,11550,10500,18777,2
Sine,0.644,16537.5,7875,14175,16709.8,2
Sine,0.775,14470.3,8018.2,14031.8,18087.9,2
Sine,1.081,11714.1,5578.9,16471.1,6201.6,2
Sine,1.173,14470.3,7782.4,14267.6,10163.7,3
Sine,1.142,10335.9,2290.9,19186.4,10335.9,3
Sine,1.521,9819.1,4009.1,18040.9,4134.4,3
Sine,1.148,9991.4,5265.7,16784.3,11369.5,3
Sine,1.063,10163.7,3969,18081,5512.5,3
Sine,0.768,14125.8,8747.1,12574,13953.5,2
Sine,1.201,12919.9,8218.6,13029.5,8268.8,2
Sine,0.524,11714.1,6300,15750,11541.8,2
Sine,1.647,10680.5,3873.6,18176.4,10163.7,3
Sine,1.183,12919.9,7764.1,14285.9,9646.9,2
Sine,0.836,10680.5,5831.4,15489.7,5857,2
Sine,1.186,9130.1,7107,7310.3,8268.8,2
Sine,0.507,14298,8018.2,12938.4,15159.4,2
Sine,1.396,10508.2,7235.2,11025,8096.5,2
Sine,0.457,17226.6,13302.9,8018.2,17571.1,3
Sine,0.705,15503.9,11270,10290,14814.8,2
Sine,0.834,9991.4,4900,13066.7,9646.9,3
Sine,0.597,11541.8,7653.7,9658.3,7924.2,2
Sine,1.289,11714.1,6378.1,12756.2,6546.1,2
Sine,0.759,12230.9,6300,15750,12230.9,2
Sine,0.588,10852.7,8018.2,8018.2,10163.7,2
Sine,0.514,11541.8,7190.2,10066.3,13264.5,2
Sine,0.49,12230.9,7235.2,12747.7,10508.2,2
Sine,0.51,11025,4923.8,13701,4995.7,2
Sine,0.471,12575.4,5355,12915,11541.8,2
Sine,0.666,11369.5,6195.9,11845,6201.6,2
Sine,1.055,12403.1,8018.2,10569.4,11541.8,2
Sine,0.856,14642.6,11298.3,8200.4,16709.8,2
Sine,0.821,11369.5,5334.7,15648.4,10335.9,2
Sine,0.436,16365.2,9840.5,12209.5,18604.7,2
Sine,0.678,14642.6,7501.5,14548.5,17226.6,3
Sine,1.071,9819.1,3436.4,18613.6,8441,2
Sine,0.967,11541.8,2205,19845,12058.6,3
Sine,0.952,12575.4,6261.1,15788.9,13953.5,2
Sine,0.599,11886.3,8094.3,12281,11714.1,2
Sine,0.531,12575.4,7809.4,14240.6,11369.5,2
Sine,1.008,12058.6,4469.6,17580.4,12230.9,2
Sine,0.504,13264.5,6378.1,15307.4,13953.5,2
Sine,0.686,10508.2,5815.4,14053.8,9819.1,2
Sine,0.786,13953.5,9688.6,12361.4,10680.5,2
Sine,0.675,16365.2,10022.7,12027.3,17743.4,3
Sine,1.125,13609,4992.5,17057.5,15159.4,2
Sine,0.755,12919.9,7915.4,14134.6,14470.3,3
Sine,0.51,9302.3,4222.3,17358.5,4651.2,2
Sine,0.667,10508.2,5145,14945,10508.2,3
Sine,0.756,10680.5,6501.9,15548.1,9646.9,3
Sine,0.851,10852.7,4042.5,18007.5,10852.7,3
Sine,0.804,10852.7,6300,15750,8096.5,3
Sine,0.708,11714.1,5011.4,15702.3,10852.7,2
Sine,0.756,11886.3,7056,14994,7062.9,2
Sine,0.66,9646.9,4607.5,17113.4,4823.4,2
Sine,0.66,13264.5,7350,14700,13436.7,2
Sine,0.405,13436.7,9840.5,10387.2,13609,2
Sine,0.345,14470.3,7603.4,14446.6,14470.3,2
Sine,0.682,12403.1,2940,19110,12747.7,2
Sine,0.66,11025,6382.9,13636.2,8957.8,2
Sine,0.781,10508.2,4191.3,15307.4,11369.5,2
Sine,1.457,13092.2,6924.8,12391.7,12747.7,2
Sine,0.861,10680.5,8018.2,6924.8,10335.9,2
Sine,0.772,10680.5,5766.9,13230,11369.5,3
Sine,1.219,10508.2,3868.4,15860.5,9474.6,3
Sine,0.812,11541.8,8106.6,8755.1,11541.8,3
Sine,1.225,13092.2,8929.3,9111.6,8957.8,2
Sine,0.821,12575.4,9450,9934.6,11886.3,2
Sine,1.023,12058.6,7151.4,9237.2,13781.2,2
Sine,0.878,10335.9,6560.3,13667.4,8096.5,2
Sine,0.528,12058.6,5946.1,16103.9,7752,2
Sine,0.781,15676.2,11943.8,8452.5,12747.7,2
Sine,0.963,15676.2,12058.6,9991.4,15331.6,2
Sine,0.868,9991.4,3430,15190,3445.3,2
Sine,0.698,12403.1,10264.7,9694.4,12058.6,2
Sine,0.799,11714.1,6693.8,15356.2,12058.6,2
Sine,1.135,10680.5,4160.4,17889.6,8613.3,1
Sine,1.892,7579.7,2369,16947.5,5512.5,2
Sine,1.033,10680.5,4009.1,18040.9,6718.4,2
Sine,0.709,8441,3392.3,17979.2,3445.3,2
Sine,0.63,11886.3,7471.5,11845,7924.2,2
Sine,0.768,12058.6,5647,16134.1,9130.1,2
Sine,0.66,9130.1,1837.5,18375,3789.8,2
Sine,1.123,10852.7,5466.9,16583.1,11886.3,3
Sine,1.172,9302.3,4767.6,17282.4,6718.4,3
Sine,0.634,8268.8,2186.8,18040.9,2239.5,2
Sine,0.524,9819.1,4228.8,13894.5,4478.9,2
Sine,0.427,13609,8141.5,13908.5,18260.2,2
Sine,0.573,9130.1,4240.4,16113.5,4306.6,2
Sine,0.444,11025,6378.1,12574,6890.6,2
Sine,0.629,11541.8,5824.5,15809.4,12575.4,2
Sine,0.423,11197.3,6174,15435,7579.7,2
Sine,0.93,10852.7,6253,15138.8,8441,2
Sine,0.384,14470.3,10022.7,11116.1,14470.3,2
Sine,1.277,13436.7,6201.6,15848.4,8785.5,2
Sine,1.053,10852.7,2835,19215,7235.2,2
Sine,1.212,11025,2646,19404,3100.8,2
Sine,0.473,15676.2,13485.1,6378.1,14298,3
Sine,0.436,13436.7,10387.2,6560.3,12747.7,3
Sine,1,12919.9,9658.3,10387.2,12575.4,2
Sine,1,13092.2,9772.2,12277.8,11197.3,2
Sine,0.274,12919.9,6890.6,15159.4,15503.9,3
Sine,0.696,9474.6,1968.8,20081.2,2411.7,2
Upsweep,0.463,13781.2,10751.7,10205,13436.7,1
Upsweep,0.663,11197.3,7471.5,10751.7,10335.9,1
Upsweep,0.239,14125.8,10243.7,11806.3,13436.7,1
Upsweep,0.347,17915.6,13368.9,8681.1,17915.6,1
Upsweep,0.739,12403.1,6742.6,15307.4,12747.7,1
Upsweep,0.743,12403.1,9658.3,12391.7,15676.2,1
Upsweep,0.881,12575.4,8330,13720,11886.3,1
Upsweep,0.752,10852.7,6860,15190,10508.2,1
Upsweep,0.785,14814.8,8703.9,13346.1,12575.4,1
Upsweep,0.501,13436.7,9000,13050,11714.1,1
Upsweep,0.778,13092.2,9658.3,12391.7,11714.1,1
Upsweep,0.137,15676.2,11662.8,10387.2,13781.2,1
Upsweep,0.141,13436.7,9486.6,12563.4,9991.4,1
Upsweep,0.424,11025,6673,11315.1,11025,1
Upsweep,0.147,14298,10444.7,11605.3,11886.3,1
Upsweep,0.134,13436.7,9493.8,12556.2,15503.9,1
Upsweep,0.128,13436.7,10226.1,11823.9,12403.1,1
Upsweep,0.135,13609,9328.8,12721.2,12747.7,1
Upsweep,0.119,13609,10601,11449,13436.7,1
Upsweep,0.333,15331.6,12173.4,9876.6,13436.7,1
Upsweep,0.291,14814.8,10569.4,11480.6,15503.9,1
Upsweep,0.309,15503.9,12173.4,9876.6,16365.2,1
Upsweep,0.374,14642.6,9884.5,12165.5,14987.1,1
Upsweep,0.357,14642.6,9371.2,12678.8,14642.6,1
Upsweep,0.357,14642.6,9922.5,12127.5,9991.4,1
Upsweep,0.217,16709.8,13485.1,6742.6,18260.2,1
Upsweep,0.272,15848.4,13302.9,8747.1,13953.5,1
Upsweep,0.396,13436.7,8897.4,13152.6,13953.5,1
Upsweep,0.173,13092.2,9759.8,12290.2,11025,1
Upsweep,0.142,14814.8,9511.8,12538.2,14642.6,1
Upsweep,0.148,14125.8,9261,12789,14298,1
Upsweep,0.344,10508.2,6742.6,7289.3,10852.7,1
Upsweep,0.195,12058.6,6850.5,12416.5,11714.1,1
Upsweep,0.16,12058.6,5818.8,13988.9,12575.4,1
Upsweep,0.105,13264.5,8655.1,11540.2,13436.7,1
Upsweep,0.743,11714.1,6742.6,13667.4,6890.6,1
Upsweep,0.433,13436.7,9011.7,11696.1,14298,1
Upsweep,0.617,11369.5,7484.9,13553.7,7579.7,1
Upsweep,0.369,15331.6,11328.4,8900.9,14125.8,1
Upsweep,0.645,11541.8,7687.2,12137.6,8096.5,1
Upsweep,0.433,9819.1,4920.2,12938.4,11886.3,1
Upsweep,1.004,11369.5,6106.2,15943.8,6546.1,1
Upsweep,0.49,11886.3,6742.6,12027.3,13436.7,1
Upsweep,0.732,10163.7,5265.7,14480.6,7579.7,1
Upsweep,0.784,11369.5,4950,17100,12403.1,1
Upsweep,0.404,11714.1,7836,10569.4,11197.3,1
Upsweep,0.44,14987.1,11116.1,10933.9,12575.4,1
Upsweep,0.565,12058.6,6924.8,12209.5,8957.8,1
Upsweep,0.396,12230.9,7836,13302.9,19466,1
Upsweep,0.513,16020.7,7497,14553,19121.5,1
Upsweep,0.424,12575.4,9476,11116.1,12230.9,1
Upsweep,0.401,12058.6,6030.8,13757.7,6201.6,1
Upsweep,0.252,14470.3,10273.3,11776.7,12058.6,1
Upsweep,1.22,12058.6,7836,14214,8957.8,1
Upsweep,0.33,14642.6,11298.3,10751.7,12747.7,1
Upsweep,0.531,10852.7,5742.2,16307.8,10508.2,1
Upsweep,0.381,12919.9,8018.2,12027.3,10508.2,1
Upsweep,0.318,14298,10869.7,11180.3,12230.9,1
Upsweep,0.307,14814.8,11772.5,10277.5,14298,1
Upsweep,0.285,12919.9,7684.1,14365.9,15159.4,1
Upsweep,0.311,14987.1,10048.1,12001.9,14642.6,1
Upsweep,0.172,15848.4,11172,10878,15676.2,1
Upsweep,0.452,12919.9,10742.3,8198.1,12747.7,1
Upsweep,0.517,12403.1,11116.1,6560.3,12403.1,1
Upsweep,0.311,14814.8,11801.4,10248.6,13781.2,1
Upsweep,0.569,13609,10925.7,6952.7,13436.7,1
Upsweep,0.382,15503.9,11411.8,10638.2,15331.6,1
Upsweep,0.586,17398.8,13003.8,9046.2,16537.5,1
Upsweep,0.552,18432.4,12209.5,9840.5,18260.2,1
Upsweep,0.73,9302.3,5382.3,16667.7,7752,1
Upsweep,0.213,15331.6,13485.1,8564.9,14298,1
Upsweep,0.11,11714.1,8708.8,9079.4,10680.5,1
Upsweep,0.575,12747.7,8747.1,13302.9,11025,1
Upsweep,0.369,12403.1,10751.7,8929.3,11714.1,1
Upsweep,0.344,13264.5,10616.7,8438.9,11714.1,1
Upsweep,0.78,13436.7,9840.5,12209.5,10163.7,1
Upsweep,0.612,12230.9,8501.2,11954.8,9646.9,1
Upsweep,0.889,12575.4,8900.9,13149.1,10680.5,1
Upsweep,0.381,14642.6,11411.8,7930.3,14642.6,1
Upsweep,0.601,15159.4,10273.3,11776.7,12230.9,1
Upsweep,0.301,15159.4,12250,9800,12403.1,1
Upsweep,0.865,12058.6,9187.5,12862.5,9302.3,1
Upsweep,0.541,11025,6459.1,12918.2,8785.5,1
Upsweep,0.747,13609,10022.7,10751.7,10852.7,1
Upsweep,0.815,12230.9,8496.3,13553.7,10508.2,1
Upsweep,0.776,12058.6,10195.2,11854.8,12058.6,1
Upsweep,0.689,12575.4,8865.5,13184.5,10680.5,1
Upsweep,0.699,13092.2,9617.6,12432.4,13092.2,1
Upsweep,0.815,12919.9,9237.2,12812.8,9474.6,1
Upsweep,0.64,12919.9,9646.9,12403.1,12575.4,1
Upsweep,0.854,12747.7,9884.5,12165.5,10163.7,1
Upsweep,0.612,12747.7,10303.7,11746.3,10852.7,1
Upsweep,0.331,11541.8,8929.3,7289.3,9819.1,1
Upsweep,0.828,13092.2,9293.8,12756.2,11369.5,1
Upsweep,0.28,12919.9,10434.4,10434.4,11541.8,1
Upsweep,0.341,11541.8,8382.6,10387.2,8441,1
Upsweep,0.33,12230.9,9111.6,9476,11886.3,1
Upsweep,0.526,12403.1,9371.2,12678.8,11886.3,1
Upsweep,0.494,12747.7,9148.4,12901.6,9302.3,1
Upsweep,0.18,12058.6,4683.2,15415.5,9991.4,1
Upsweep,0.396,11025,4738,15125.2,8096.5,1
Upsweep,0.338,11714.1,6750,15300,11886.3,1
Upsweep,0.496,13264.5,5390,15680,6373.8,1
Upsweep,0.253,14642.6,10590.9,11111.8,15331.6,1
Upsweep,0.321,14298,5752.2,16297.8,16882,1
Upsweep,0.613,12230.9,3211.2,18838.8,3445.3,1
Upsweep,0.456,12575.4,9293.8,9293.8,11541.8,1
Upsweep,0.535,12575.4,9293.8,9840.5,9474.6,1
Upsweep,0.672,12919.9,9685.5,12364.5,12230.9,1
Upsweep,0.758,12575.4,9354.5,12695.5,12747.7,1
Upsweep,0.802,12403.1,8373.4,13676.6,11197.3,1
Upsweep,0.751,11886.3,7770,14280,8096.5,1
Upsweep,0.653,13436.7,9658.3,12391.7,10508.2,1
Upsweep,0.145,12747.7,10933.9,9476,12230.9,1
Upsweep,0.204,12747.7,9383,12667,11197.3,1
Upsweep,0.379,11197.3,6673,15377,7235.2,1
Upsweep,0.425,14814.8,9840.5,12209.5,20499.6,1
Upsweep,0.972,14642.6,4009.1,18040.9,14987.1,1
Upsweep,0.364,11369.5,6568.1,13605.3,11197.3,1
Upsweep,0.909,14298,10022.7,9293.8,14642.6,1
Upsweep,0.153,10680.5,7787.2,8606.9,10680.5,1
Upsweep,0.116,11541.8,7875,7678.1,13264.5,1
Upsweep,0.382,11714.1,7024.8,15025.2,11541.8,1
Upsweep,0.597,9646.9,2151.2,16134.1,4651.2,1
Upsweep,0.351,12230.9,6950.5,13421.7,13953.5,1
Upsweep,0.157,13953.5,10066.3,11983.7,14125.8,1
Upsweep,0.181,16709.8,12027.3,9163.6,17571.1,1
Upsweep,0.494,11369.5,7471.5,12209.5,10852.7,1
Upsweep,0.149,16193,14031.8,5466.9,14125.8,1
Upsweep,0.126,14298,11411.8,7156.6,13781.2,1
Upsweep,0.211,11369.5,6013.6,13430.5,11025,1
Upsweep,0.49,11886.3,7474.6,12146.2,13092.2,1
Upsweep,0.578,14125.8,7289.3,12391.7,16882,1
Upsweep,0.196,14470.3,10245.5,9354.5,14470.3,1
Upsweep,0.756,12403.1,6090,13650,11541.8,1
Upsweep,0.759,13436.7,9896.5,12153.5,11197.3,1
Upsweep,0.595,11714.1,4061.8,17988.2,5340.2,1
Upsweep,0.29,15848.4,13120.7,8929.3,15159.4,1
Upsweep,0.32,16709.8,11673.5,10376.5,12403.1,1
Upsweep,0.531,12230.9,8861.2,7006.5,12575.4,1
Upsweep,0.891,12575.4,7415,14049.6,13609,1
Upsweep,0.403,14298,8965.4,12600,10680.5,1
Upsweep,0.522,12747.7,8382.6,11298.3,8785.5,1
Upsweep,0.215,9819.1,8000.4,11512.8,8785.5,1
Upsweep,0.144,16020.7,10569.4,8929.3,18949.2,1
Upsweep,0.44,16193,7350,12419,16537.5,1
Upsweep,0.549,13264.5,8363.8,12419,11714.1,1
Upsweep,0.78,12058.6,7603.4,12925.9,12058.6,1
Upsweep,0.351,13264.5,7617.3,11826.8,8441,1
Upsweep,0.207,12230.9,7894.4,11705.6,12230.9,1
Upsweep,0.781,12919.9,5338.4,15086.8,12919.9,1
Upsweep,0.202,14642.6,9293.8,10387.2,14814.8,1
Upsweep,0.574,11197.3,6013.6,16036.4,6373.8,1
Upsweep,0.171,12403.1,4961.2,15986.2,12058.6,1
Upsweep,0.203,11197.3,8444.7,10555.9,8957.8,1
Upsweep,0.402,11541.8,8382.6,6013.6,11714.1,1
Upsweep,0.46,11369.5,3949.3,14480.6,11541.8,1
Upsweep,0.238,11886.3,9293.8,11298.3,11714.1,1
Upsweep,0.197,15331.6,11134.2,9169.3,14298,1
Upsweep,0.184,13092.2,9028.3,11459.1,13092.2,1
Upsweep,0.645,16020.7,5466.9,15854.1,19982.8,1
Upsweep,0.252,14814.8,9621.8,12428.2,14125.8,1
Upsweep,0.344,12403.1,5612.7,14031.8,9819.1,1
Upsweep,0.622,12403.1,10205,3826.9,12575.4,1
Upsweep,0.379,16365.2,12276.9,9369.2,14814.8,1
Upsweep,0.381,13092.2,7653.7,14031.8,7752,1
Upsweep,0.434,11197.3,7107,10022.7,10163.7,1
Upsweep,0.684,11886.3,7179.1,13332.6,9302.3,1
Upsweep,0.647,12230.9,8018.2,13485.1,9302.3,1
Upsweep,0.232,16709.8,13332.6,8717.4,15848.4,1
Upsweep,0.619,13264.5,5649.2,16036.4,16537.5,1
Upsweep,0.28,14125.8,9302.3,12747.7,17226.6,1
Upsweep,0.43,12058.6,7948.3,12563.4,12575.4,1
Upsweep,0.298,12575.4,9476,8382.6,11886.3,1
Upsweep,0.343,12230.9,8820,10423.6,9302.3,1
Upsweep,0.991,12575.4,4191.3,17858.7,12403.1,1
Upsweep,0.747,12058.6,6462.9,15587.1,12747.7,1
Upsweep,0.704,11369.5,3991.8,18058.2,12230.9,1
Upsweep,0.575,11541.8,6784.6,15265.4,9474.6,1
Upsweep,0.733,12058.6,7506.4,14543.6,7579.7,1
Upsweep,0.26,11886.3,8204.7,12050.6,8613.3,1
Upsweep,0.784,8957.8,2067.2,19982.8,9130.1,1
Upsweep,0.619,12575.4,7184.8,13874.2,13953.5,1
Upsweep,0.617,12230.9,7471.5,13302.9,7579.7,1
Upsweep,0.43,12403.1,8373.4,13676.6,10680.5,1
Upsweep,0.314,15676.2,11845,10205,14987.1,1
Upsweep,0.294,16193,11932.9,10117.1,17915.6,1
Upsweep,0.416,12919.9,8994.1,13055.9,12575.4,1
Upsweep,0.269,16365.2,11943.8,10106.2,16365.2,1
Upsweep,0.281,16365.2,12158.4,9891.6,14987.1,1
Upsweep,0.237,16020.7,11789.1,10260.9,15848.4,1
Upsweep,0.275,16020.7,12711.2,9338.8,15331.6,1
Upsweep,0.262,15676.2,11307.7,10742.3,15331.6,1
Upsweep,0.314,16709.8,11662.8,10387.2,17226.6,1
Upsweep,0.483,10852.7,6731.1,9516.3,7579.7,1
Upsweep,0.308,16882,12658.3,9391.7,16709.8,1
Upsweep,0.241,14470.3,10202.2,11847.8,10852.7,1
Upsweep,0.668,11197.3,6742.6,15307.4,13092.2,1
Upsweep,0.689,11025,6681.8,15368.2,7924.2,1
Upsweep,1.061,12575.4,9293.8,12756.2,11369.5,1
Upsweep,0.384,14814.8,10022.7,12027.3,11197.3,1
Upsweep,0.279,17226.6,11457.4,10592.6,18260.2,1
Upsweep,0.259,18087.9,11418.8,10631.2,19466,1
Upsweep,0.374,15331.6,12533.7,9516.3,13436.7,1
Upsweep,0.892,12058.6,8137.5,13912.5,12058.6,1
Upsweep,0.816,12403.1,7998.5,14051.5,12058.6,1
Upsweep,0.292,13609,12020,7403.1,13092.2,1
Upsweep,0.191,13609,8564.9,10933.9,18604.7,1
Upsweep,0.196,13781.2,10565.6,11484.4,11025,1
Upsweep,0.143,14814.8,8728.1,10685.5,16882,1
Upsweep,0.099,15848.4,12574,6742.6,18260.2,1
Upsweep,0.683,14642.6,8382.6,11116.1,15331.6,1
Upsweep,0.302,12058.6,7632.7,11590.4,12058.6,1
Upsweep,0.211,15503.9,12322.1,7782.4,14470.3,1
Upsweep,0.375,12919.9,10022.7,7836,11714.1,1
Upsweep,0.293,13264.5,10269.9,7853.4,12058.6,1
Upsweep,0.223,10508.2,6250.4,9375.6,6373.8,1
Upsweep,0.792,12230.9,6339.4,15710.6,13953.5,1
Upsweep,0.905,10335.9,5053.1,16996.9,6373.8,1
Upsweep,0.905,12747.7,6982.5,15067.5,13609,1
Upsweep,0.574,11714.1,8074.6,11801.4,11714.1,1
Upsweep,0.592,13436.7,8590.9,13459.1,10680.5,1
Upsweep,0.809,12403.1,8268.8,13230,12058.6,1
Upsweep,0.65,11197.3,9154.3,10189.2,10680.5,1
Upsweep,0.366,12919.9,10751.7,8382.6,12403.1,1
Upsweep,0.177,10335.9,6829.6,9951.8,7752,1
Upsweep,1.027,12230.9,7721.5,11622,14298,1
Upsweep,1.049,11886.3,5578.9,15142.8,12058.6,1
Upsweep,0.259,15503.9,11662.8,10387.2,16020.7,1
Upsweep,0.263,16193,12574,9476,16020.7,1
Upsweep,0.357,13264.5,8595.8,13454.2,8613.3,1
Upsweep,0.172,16020.7,13302.9,8747.1,15503.9,1
Upsweep,0.181,16709.8,12938.4,9111.6,13609,1
Upsweep,0.552,12403.1,6195.9,15125.2,8441,1
Upsweep,0.803,11714.1,5752.2,14859.8,12575.4,1
Upsweep,0.181,14470.3,10066.3,11983.7,14814.8,1
Upsweep,0.19,17054.3,12942.4,9107.6,18260.2,1
Upsweep,0.561,11541.8,6231.5,14380.4,12575.4,1
Upsweep,0.468,12575.4,9716.9,12333.1,11197.3,1
Upsweep,0.567,18432.4,10387.2,11662.8,20671.9,1
Upsweep,0.294,11714.1,10387.2,6924.8,11369.5,1
Upsweep,0.509,10335.9,5102.5,13849.6,12403.1,1
Upsweep,0.603,11886.3,6533.3,8738.3,13609,1
Upsweep,0.162,14298,11526.1,8602.8,12747.7,1
Upsweep,0.758,11025,6594.4,13600.9,9302.3,1
Upsweep,0.771,9991.4,6195.9,11845,8096.5,1
Upsweep,0.338,13436.7,10933.9,11116.1,13436.7,1
Upsweep,0.283,14298,9476,12574,14470.3,1
Upsweep,0.393,14987.1,8755.1,13294.9,9302.3,1
Upsweep,0.383,14814.8,9450,12600,17054.3,1
Upsweep,0.31,15503.9,8268.8,13781.2,16365.2,1
Upsweep,0.338,15159.4,9450,12600,18949.2,1
Upsweep,0.856,13436.7,10022.7,8564.9,12747.7,1
Upsweep,0.83,12230.9,6843.1,15206.9,7407.4,1
Upsweep,0.797,12403.1,5284.7,14578.5,11886.3,1
Upsweep,0.869,12575.4,6555.4,15494.6,8613.3,1
Upsweep,0.773,13609,9840.5,10569.4,10680.5,1
Upsweep,0.705,12919.9,8604.9,13445.1,9130.1,1
Upsweep,0.61,12575.4,9680.5,10218.3,11541.8,1
Upsweep,0.62,13264.5,7653.7,12574,13609,1
Upsweep,0.184,15503.9,11760,10290,14642.6,1
Upsweep,0.525,12403.1,9111.6,10387.2,11714.1,1
Upsweep,0.474,13264.5,9476,10751.7,11886.3,1
Upsweep,0.731,11541.8,7624.8,13807,12058.6,1
Upsweep,0.168,16882,14214,6195.9,16882,1
Upsweep,0.526,11025,6666.3,15383.7,8613.3,1
Upsweep,0.192,12919.9,10022.7,12027.3,10163.7,1
Upsweep,0.153,12575.4,11025,3266.7,13092.2,1
Upsweep,0.684,9474.6,5831.4,10751.7,7924.2,1
Upsweep,0.898,11197.3,6560.3,15489.7,7752,1
Upsweep,0.238,17226.6,14188.7,7861.3,16537.5,1
Upsweep,0.58,14298,7795.5,12695.5,17743.4,1
Upsweep,0.65,14642.6,10468.2,9354.5,16193,1
Upsweep,0.293,15503.9,11581.8,10468.2,15503.9,1
Upsweep,0.258,16882,12938.4,9111.6,16365.2,1
Upsweep,0.355,15159.4,10537.2,11512.8,11197.3,1
Upsweep,0.311,15503.9,11480.6,10569.4,17398.8,1
Upsweep,0.686,13609,7289.3,12756.2,11025,1
Upsweep,0.227,17398.8,14053.8,7511.5,16537.5,1
Upsweep,0.237,16882,13485.1,8564.9,13781.2,1
Upsweep,0.207,14987.1,11480.6,10022.7,12230.9,1
Upsweep,0.307,15848.4,11530.7,10519.3,17915.6,1
Upsweep,0.737,11369.5,7471.5,12938.4,12230.9,1
Upsweep,0.59,11197.3,8200.4,13849.6,10852.7,1
Upsweep,0.744,13436.7,7653.7,13953.5,12391.7,1
Upsweep,1.071,10680.5,5892.7,13876.3,6546.1,1
Upsweep,0.269,11541.8,7709.8,8268.8,14340.2,1
Upsweep,0.497,11320.33333,9646.9,17150,11369.5,1
Upsweep,0.497,12230.9,8857.7,13192.3,9474.6,1
Upsweep,0.452,11197.3,10195.2,10195.2,10335.9,1
Upsweep,0.423,9819.1,6459.1,15590.9,6546.1,1
Upsweep,0.53,9130.1,5906.2,14175,8785.5,1
Upsweep,0.654,11197.3,6013.6,15671.9,11714.1,1
Upsweep,0.348,15503.9,8929.3,12574,15848.4,1
Upsweep,0.485,10508.2,5355,13545,10335.9,1
Upsweep,0.591,15331.6,12574,9476,14470.3,1
Upsweep,0.328,10335.9,6963.2,11025,7407.4,1
Upsweep,0.623,12919.9,8759.6,13290.4,17226.6,1
Upsweep,0.854,15159.4,9142.7,12907.3,16537.5,1
Upsweep,0.855,13609,8610,11970,14814.8,1
